Order_ID,Order_Date,Region,Saree_Type,Color,Occasion,Quantity,Unit_Price,Discount (%),Sales
4007,2023-12-16 00:00:00,Surat,Cotton,,Diwali,5.0,3661.0,10,18305.0
4735,2022-11-08 00:00:00,DELHI,Cotton,,Eid,3.0,6238.0,50,18714.0
4466,2023-12-27 00:00:00,DELHI, Banarasi,Maroon,Eid,1.0,750.0,50,750.0
4151,2023-10-26 00:00:00,Surat,Cotton,Green,Navratri,0.0,,15,0.0
4459,2022-12-01 00:00:00,DELHI,Georgette,Red,Regular,1.0,,10,1574.0
4206,2022-11-17 00:00:00,DELHI,Silk,,wedding ,1.0,9063.0,50,9063.0
4258,2023-11-20 00:00:00,Pune,Silk,Gold,Eid,-2.0,5503.0,50,-11006.0
4498,Not Available,Delhi,Cotton, red,Regular,1.0,5990.0,0,5990.0
4510,2022-10-03 00:00:00,mumbai ,Silk,Gold,Eid,0.0,9047.0,15,0.0
4647,2023-10-27 00:00:00,Pune,Silk,,Diwali,2.0,4552.0,15,9104.0
4364,2024-04-16 00:00:00,Mumbai,silk,Red,Diwali,1.0,4878.0,5,4878.0
4796,2022-05-14 00:00:00,Mumbai,silk,Maroon,Wedding,-2.0,5963.0,0,-11926.0
4738,2022-05-02 00:00:00,Surat,Georgette, red,Wedding,3.0,9058.0,15,27174.0
4824,2023-05-30 00:00:00,DELHI, Banarasi,Gold,Navratri,1.0,8712.0,15,8712.0
4253,2024-03-29 00:00:00,DELHI, Banarasi,Gold,Diwali,-1.0,5277.0,5,-5277.0
4648,2023-07-15 00:00:00,mumbai ,Kanjivaram,,Eid,1.0,817.0,5,817.0
4577,2022-11-09 00:00:00,Jaipur,Georgette,,Eid,-2.0,7356.0,15,-14712.0
4217,2023-07-04 00:00:00,Mumbai, Banarasi,,Eid,3.0,1222.0,5,3666.0
4042,2024-04-01 00:00:00,Pune,,Maroon,Navratri,2.0,7354.0,50,14708.0
4313,2022-05-06 00:00:00,Jaipur, Banarasi,Gold,Diwali,3.0,6430.0,5,
4637,2023-11-18 00:00:00,Jaipur, Banarasi,Green,Diwali,2.0,3042.0,15,6084.0
4476,Not Available,Mumbai, Banarasi,Blue,Navratri,4.0,,15,16680.0
4130,2024-06-01 00:00:00,Jaipur,Kanjivaram, red,Regular,-2.0,1673.0,50,-3346.0
4166,2023-06-27 00:00:00,Pune, Banarasi,Gold,Diwali,0.0,902.0,10,0.0
4187,2022-05-12 00:00:00,Surat,,Blue,Navratri,1.0,8532.0,50,8532.0
4875,2022-11-04 00:00:00,Jaipur,Georgette,,Diwali,-1.0,3273.0,10,-3273.0
4001,2023-07-13 00:00:00,Surat,silk,Maroon,Wedding,-2.0,3649.0,15,-7298.0
4981,2023-12-08 00:00:00,Delhi,Kanjivaram,Red,wedding ,1.0,9184.0,15,9184.0
4414,2023-10-08 00:00:00,Surat,Kanjivaram,Red,Diwali,3.0,3189.0,20,9567.0
4374,2023-11-19 00:00:00,Jaipur, Banarasi,,Navratri,2.0,9272.0,20,18544.0
4790,2024-11-06 00:00:00,DELHI, Banarasi,,Navratri,5.0,7204.0,20,36020.0
4145,2024-05-06 00:00:00,Delhi,silk,Maroon,Diwali,5.0,5902.0,20,29510.0
4246,2024-01-08 00:00:00,mumbai ,Cotton,Gold,Diwali,-1.0,4220.0,10,-4220.0
4919,2022-03-28 00:00:00,DELHI,Silk,Gold,Wedding,1.0,8646.0,5,8646.0
4674,2024-03-11 00:00:00,Delhi, Banarasi,Maroon,Eid,0.0,1853.0,50,0.0
4445,2024-02-15 00:00:00,Surat,Kanjivaram,,Eid,-2.0,5136.0,15,-10272.0
4961,2022-08-14 00:00:00,DELHI,Silk,Blue,Eid,-2.0,782.0,20,-1564.0
4053,2022-07-10 00:00:00,Surat,,Gold,Navratri,1.0,5647.0,0,5647.0
4624,2023-04-27 00:00:00,Jaipur,silk,Red,Eid,3.0,8589.0,0,25767.0
4301,2023-01-12 00:00:00,Pune,Cotton,Green,Eid,-1.0,2811.0,10,-2811.0
4191,2023-05-08 00:00:00,Pune, Banarasi,Maroon,Eid,2.0,5458.0,15,10916.0
4437,2023-02-06 00:00:00,Surat,silk,Gold,wedding ,4.0,4066.0,10,16264.0
4019,2023-06-05 00:00:00,Pune,Silk,Blue,Regular,2.0,6111.0,0,12222.0
4728,2024-03-19 00:00:00,Surat,silk, red,wedding ,-1.0,6670.0,50,-6670.0
4389,2024-06-09 00:00:00,Surat,Silk,Gold,Regular,-1.0,8375.0,50,-8375.0
4851,2022-10-23 00:00:00,Surat,silk, red,Eid,-2.0,9679.0,50,-19358.0
4373,2023-06-15 00:00:00,Pune,Cotton,Blue,Wedding,0.0,7452.0,15,0.0
4446,2023-03-25 00:00:00,Delhi, Banarasi,Maroon,Wedding,4.0,5856.0,20,23424.0
4732,2024-10-30 00:00:00,Mumbai,Kanjivaram,Green,Eid,4.0,2576.0,20,10304.0
4279,2023-05-29 00:00:00,mumbai ,Silk, red,Eid,0.0,9526.0,10,0.0
4703,2023-04-05 00:00:00,Surat,,Maroon,Regular,2.0,4966.0,10,9932.0
4726,2024-11-29 00:00:00,DELHI,Cotton,Blue,Navratri,5.0,2103.0,15,10515.0
4143,2024-03-15 00:00:00,mumbai ,Silk,Green,Navratri,5.0,5565.0,50,27825.0
4406,2024-05-14 00:00:00,Pune, Banarasi,,Navratri,-2.0,8634.0,20,-17268.0
4072,2024-12-22 00:00:00,Jaipur,silk,,wedding ,4.0,709.0,20,2836.0
4491,2022-11-09 00:00:00,Surat,,Gold,Diwali,-1.0,528.0,15,-528.0
4175,2023-02-23 00:00:00,DELHI,Kanjivaram,Blue,Regular,-2.0,1064.0,5,-2128.0
4359,Not Available,Pune,Kanjivaram,,Regular,5.0,6904.0,10,34520.0
4441,2023-06-05 00:00:00,Mumbai, Banarasi,,wedding ,1.0,5069.0,15,5069.0
4095,2023-12-05 00:00:00,Surat,, red,Navratri,1.0,6573.0,50,6573.0
4280,2023-03-23 00:00:00,mumbai ,Silk,Gold,Navratri,0.0,4881.0,50,0.0
4880,2024-08-14 00:00:00,DELHI,Kanjivaram, red,wedding ,2.0,605.0,50,1210.0
4569,2022-12-19 00:00:00,DELHI,,Maroon,Eid,-2.0,6488.0,0,-12976.0
4435,2022-12-03 00:00:00,Surat,Kanjivaram,Red,Regular,-1.0,3907.0,10,-3907.0
4912,2023-07-30 00:00:00,Mumbai,Georgette,Maroon,Diwali,2.0,1513.0,0,3026.0
4947,2023-01-10 00:00:00,Delhi,silk,,Eid,2.0,5653.0,0,11306.0
4945,2024-08-26 00:00:00,Pune, Banarasi,Maroon,Eid,-2.0,1738.0,10,-3476.0
4600,2024-02-02 00:00:00,Pune,Silk,,Eid,-1.0,7896.0,15,-7896.0
4320,2022-02-09 00:00:00,Pune,Silk, red,Wedding,4.0,8589.0,0,34356.0
4474,2022-12-04 00:00:00,Mumbai,Kanjivaram,Red,Diwali,-1.0,5573.0,20,-5573.0
4815,2024-09-08 00:00:00,Delhi, Banarasi,,Eid,5.0,9972.0,20,49860.0
4928,2022-01-19 00:00:00,DELHI, Banarasi,Red,Navratri,0.0,953.0,10,0.0
4278,2023-03-21 00:00:00,Pune, Banarasi,Gold,Eid,5.0,3476.0,20,17380.0
4022,2022-07-18 00:00:00,Delhi,,Gold,Eid,3.0,7765.0,10,23295.0
4123,2024-12-12 00:00:00,DELHI,Silk,Gold,Wedding,-2.0,4457.0,50,-8914.0
4095,2022-05-07 00:00:00,Mumbai,Georgette,Blue,Eid,3.0,2045.0,15,6135.0
4216,2022-03-19 00:00:00,DELHI,Cotton,Green,Eid,4.0,6224.0,20,24896.0
4915,2023-04-11 00:00:00,Mumbai,Georgette,Red,Navratri,-1.0,4542.0,50,-4542.0
4085,2024-06-02 00:00:00,mumbai ,Georgette,Green,Regular,1.0,7033.0,15,7033.0
4229,2023-01-07 00:00:00,mumbai ,Kanjivaram,Gold,Eid,3.0,3685.0,5,11055.0
4674,2022-07-17 00:00:00,mumbai ,Kanjivaram, red,Regular,-2.0,2748.0,10,-5496.0
4555,2022-01-10 00:00:00,Surat,Georgette,Red,Navratri,0.0,7838.0,10,0.0
4091,2023-05-19 00:00:00,Delhi,Georgette,,Regular,1.0,9237.0,50,9237.0
4353,2024-03-06 00:00:00,Pune,Cotton,Gold,Eid,-1.0,1794.0,0,-1794.0
4868,2024-01-21 00:00:00,Surat,Cotton,Blue,Diwali,0.0,2733.0,5,0.0
4446,2022-03-20 00:00:00,Surat,Cotton,Blue,Regular,-1.0,9197.0,0,
4723,2024-06-27 00:00:00,Surat,Georgette, red,Diwali,3.0,8410.0,10,
4860,2022-04-18 00:00:00,Jaipur, Banarasi,Green,Regular,,2428.0,20,9712.0
4475,2022-04-21 00:00:00,Jaipur,Kanjivaram,Maroon,Eid,3.0,3991.0,10,11973.0
4282,2023-10-24 00:00:00,Jaipur,Cotton,Gold,Diwali,2.0,6316.0,15,12632.0
4738,2022-04-05 00:00:00,Mumbai,silk,,Eid,5.0,2492.0,50,12460.0
4397,2022-03-07 00:00:00,Delhi,,Green,Regular,-1.0,620.0,10,-620.0
4609,Not Available,Pune, Banarasi,Green,Diwali,3.0,9419.0,10,28257.0
4105,2023-10-16 00:00:00,Jaipur,Silk,,Wedding,2.0,4644.0,20,9288.0
4460,2022-06-08 00:00:00,Surat,Kanjivaram,Gold,Navratri,1.0,6149.0,15,6149.0
4734,Not Available,Jaipur,Cotton,Maroon,Eid,5.0,3820.0,10,19100.0
4689,2023-12-30 00:00:00,Surat,Cotton,Blue,Navratri,4.0,1629.0,10,6516.0
4472,2022-01-25 00:00:00,mumbai ,Georgette,Maroon,wedding ,-2.0,6797.0,50,-13594.0
4758,2023-08-07 00:00:00,Mumbai,silk,Green,Wedding,0.0,970.0,5,0.0
4284,2024-03-11 00:00:00,Pune,Cotton,Green,Eid,3.0,7341.0,0,22023.0
4161,2022-09-18 00:00:00,Delhi,,Red,Diwali,1.0,4055.0,0,4055.0
4273,2024-11-29 00:00:00,Delhi,Kanjivaram, red,Diwali,0.0,9105.0,15,0.0
4489,2024-07-25 00:00:00,Mumbai,Cotton,,wedding ,0.0,3381.0,0,0.0
4504,2023-05-31 00:00:00,Mumbai,Georgette,Maroon,Eid,2.0,8365.0,10,16730.0
4608,2024-07-22 00:00:00,Pune,Cotton,Red,Wedding,-2.0,6996.0,10,-13992.0
4725,2022-02-16 00:00:00,Jaipur,,,Regular,-2.0,4492.0,5,-8984.0
4270,2024-02-16 00:00:00,Surat,Georgette, red,wedding ,4.0,4375.0,0,17500.0
4789,2023-04-04 00:00:00,Delhi,Silk, red,wedding ,2.0,3645.0,10,7290.0
4402,2023-06-10 00:00:00,Delhi,Cotton, red,Eid,4.0,2664.0,5,10656.0
4384,2022-04-06 00:00:00,Jaipur,silk,Maroon,wedding ,3.0,1187.0,0,3561.0
4050,2022-12-15 00:00:00,Jaipur, Banarasi, red,Navratri,3.0,2941.0,50,8823.0
4114,2023-12-17 00:00:00,Surat,Cotton,Green,Regular,3.0,5420.0,20,16260.0
4935,Not Available,DELHI,Silk,Blue,wedding ,0.0,7059.0,20,0.0
4810,2023-11-20 00:00:00,Surat,silk,Blue,Diwali,5.0,9328.0,5,46640.0
4684,2023-03-04 00:00:00,Pune,Georgette,,Regular,5.0,895.0,5,4475.0
4427,2024-04-26 00:00:00,Jaipur,Georgette,,wedding ,0.0,4637.0,15,0.0
4337,2022-02-11 00:00:00,Mumbai,Silk,Blue,Regular,-1.0,7039.0,0,
4882,2024-06-17 00:00:00,Delhi,Cotton, red,Navratri,,4367.0,10,13101.0
4557,2024-08-09 00:00:00,Jaipur,Cotton,Maroon,Eid,-2.0,8299.0,50,-16598.0
4970,2024-08-21 00:00:00,Surat,Silk,Gold,Eid,4.0,2665.0,20,10660.0
4119,2023-02-10 00:00:00,Surat,Silk,,wedding ,2.0,8459.0,20,16918.0
4905,2024-01-04 00:00:00,Jaipur,Silk,Red,wedding ,5.0,2661.0,20,13305.0
4125,2024-04-12 00:00:00,Surat,silk,Green,Navratri,4.0,1886.0,20,7544.0
4303,2024-10-16 00:00:00,mumbai ,Cotton,Gold,Wedding,1.0,,10,9523.0
4592,2022-04-14 00:00:00,Surat,Cotton,Red,Navratri,-2.0,9064.0,5,-18128.0
4832,2024-10-05 00:00:00,mumbai ,silk,Blue,Regular,-2.0,8029.0,5,-16058.0
4783,2022-01-21 00:00:00,Jaipur, Banarasi,,wedding ,5.0,2050.0,50,10250.0
4157,2022-09-08 00:00:00,Mumbai, Banarasi,Red,Eid,4.0,937.0,5,3748.0
4955,2023-07-28 00:00:00,Jaipur,, red,Navratri,-2.0,4650.0,20,-9300.0
4951,2022-02-24 00:00:00,Surat,,Red,wedding ,3.0,7243.0,0,434580.0
4407,2022-12-02 00:00:00,mumbai ,Cotton,Blue,Navratri,4.0,7947.0,0,31788.0
4687,2023-01-26 00:00:00,Mumbai,Silk,Maroon,Wedding,-2.0,2486.0,15,-4972.0
4252,2023-01-11 00:00:00,Pune,Kanjivaram,Gold,Navratri,5.0,9240.0,5,46200.0
4962,2023-07-06 00:00:00,Pune,Georgette,Blue,Eid,0.0,5735.0,10,0.0
4830,2023-01-21 00:00:00,Mumbai,Kanjivaram,Red,Navratri,2.0,1714.0,0,3428.0
4935,2022-12-26 00:00:00,Delhi,Kanjivaram,Maroon,Navratri,5.0,5991.0,5,29955.0
4058,2022-04-19 00:00:00,Pune,Silk,Blue,Regular,3.0,8206.0,15,24618.0
4418,2023-08-02 00:00:00,Jaipur,,,Regular,,1348.0,15,-26960.0
4452,2022-02-08 00:00:00,Mumbai, Banarasi,Gold,wedding ,2.0,,5,1244.0
4818,2024-04-02 00:00:00,Jaipur,Cotton, red,Diwali,5.0,664.0,50,3320.0
4202,2024-02-14 00:00:00,Delhi,silk,Gold,Regular,3.0,3317.0,5,9951.0
4544,2024-02-18 00:00:00,mumbai ,Kanjivaram, red,Wedding,,4395.0,20,4395.0
4972,2024-08-24 00:00:00,Surat,Kanjivaram,Gold,Navratri,0.0,4773.0,50,0.0
4501,2023-08-12 00:00:00,Jaipur,Cotton,,wedding ,3.0,6059.0,0,18177.0
4632,2022-06-05 00:00:00,Mumbai,Kanjivaram,Red,Eid,0.0,6776.0,5,0.0
4512,2024-06-01 00:00:00,Surat,Cotton,Gold,Navratri,1.0,8574.0,20,8574.0
4753,2022-04-24 00:00:00,DELHI,,Gold,Regular,3.0,4177.0,5,12531.0
4372,2022-10-31 00:00:00,Mumbai,,Green,Wedding,1.0,9242.0,15,9242.0
4992,2022-01-07 00:00:00,Pune,silk,Green,Eid,-2.0,3759.0,5,-7518.0
4021,2024-04-06 00:00:00,mumbai ,,Blue,Eid,-1.0,3324.0,15,-3324.0
4791,2022-01-05 00:00:00,Mumbai,silk,Red,wedding ,3.0,8847.0,50,26541.0
4366,2022-04-10 00:00:00,Surat,Silk,Blue,Diwali,2.0,750.0,5,1500.0
4410,2024-12-22 00:00:00,Jaipur,Kanjivaram,Gold,wedding ,4.0,5815.0,50,23260.0
4193,2022-10-09 00:00:00,mumbai ,Cotton,Red,Wedding,3.0,8461.0,15,25383.0
4456,2023-07-15 00:00:00,Pune,,Maroon,Diwali,5.0,4370.0,50,21850.0
4533,2022-03-24 00:00:00,Surat,silk,Blue,Diwali,1.0,6535.0,15,
4957,2024-07-27 00:00:00,mumbai ,Kanjivaram,Red,wedding ,3.0,2741.0,15,8223.0
4524,2022-02-04 00:00:00,DELHI,Kanjivaram, red,Wedding,4.0,7194.0,15,28776.0
4819,2024-05-15 00:00:00,DELHI,silk, red,wedding ,-1.0,6295.0,15,-6295.0
4640,2024-06-04 00:00:00,Delhi,Silk, red,Navratri,1.0,4771.0,15,4771.0
4068,2022-09-23 00:00:00,Delhi,Kanjivaram,,Diwali,0.0,,0,0.0
4400,2024-07-03 00:00:00,DELHI,Silk,Red,Navratri,4.0,3081.0,5,12324.0
4751,2022-08-26 00:00:00,Delhi,Cotton,,Eid,5.0,8137.0,15,40685.0
4958,2022-08-12 00:00:00,Mumbai,Kanjivaram,Blue,Navratri,0.0,1822.0,5,0.0
4052,2022-06-14 00:00:00,DELHI, Banarasi,Gold,Navratri,1.0,3895.0,50,3895.0
4032,2022-09-07 00:00:00,Delhi,Silk, red,Diwali,5.0,9287.0,5,46435.0
4899,2022-04-02 00:00:00,Jaipur,Silk,Gold,Eid,2.0,8142.0,10,16284.0
4680,2022-11-26 00:00:00,Pune,Cotton, red,Navratri,1.0,6740.0,15,
4508,2023-12-16 00:00:00,Delhi,Kanjivaram,Maroon,Wedding,-1.0,952.0,5,-952.0
4957,2024-06-16 00:00:00,Surat,silk,Maroon,Eid,4.0,7252.0,0,29008.0
4563,2022-04-24 00:00:00,Pune,Georgette,Blue,Eid,4.0,8521.0,10,34084.0
4106,2022-01-08 00:00:00,mumbai ,,,Wedding,2.0,9557.0,20,19114.0
4234,2023-09-22 00:00:00,mumbai ,Silk,,Wedding,0.0,7365.0,20,0.0
4927,2022-05-26 00:00:00,Surat,Silk,Gold,Eid,-1.0,4315.0,50,-4315.0
4945,2022-12-08 00:00:00,Surat,Cotton, red,Regular,-1.0,9785.0,5,-9785.0
4407,2022-11-25 00:00:00,Mumbai,,Maroon,Diwali,0.0,7406.0,0,0.0
4884,2023-04-05 00:00:00,Mumbai, Banarasi,,Regular,-2.0,4735.0,50,-9470.0
4758,2022-08-04 00:00:00,Pune, Banarasi,,wedding ,0.0,2751.0,15,0.0
4733,2023-10-19 00:00:00,DELHI,Cotton,Green,Regular,4.0,8766.0,20,35064.0
4633,2024-11-09 00:00:00,Jaipur,Georgette,Maroon,Diwali,-1.0,7899.0,50,-7899.0
4826,2022-10-12 00:00:00,Delhi,Silk,,Eid,5.0,3750.0,50,18750.0
4673,2023-03-29 00:00:00,Jaipur,Georgette, red,Regular,3.0,8814.0,10,26442.0
4698,2024-07-24 00:00:00,DELHI,Kanjivaram,,Regular,2.0,5527.0,10,11054.0
4897,2024-05-20 00:00:00,mumbai ,Cotton,Green,Diwali,-1.0,2647.0,20,
4437,2022-10-14 00:00:00,mumbai ,silk,Green,Wedding,-1.0,9854.0,50,-9854.0
4046,2022-03-26 00:00:00,Delhi,Georgette,Red,Eid,1.0,9199.0,5,9199.0
4624,2022-03-28 00:00:00,mumbai ,Georgette,Green,Wedding,0.0,7898.0,50,0.0
4550,2022-05-08 00:00:00,DELHI,Cotton,Green,Diwali,-1.0,6565.0,50,-6565.0
4619,2023-04-20 00:00:00,mumbai , Banarasi,Red,Navratri,4.0,6810.0,15,27240.0
4472,2023-08-11 00:00:00,Delhi,Kanjivaram,Blue,Navratri,4.0,5345.0,0,21380.0
4074,2023-04-01 00:00:00,mumbai ,Georgette,Green,Diwali,2.0,9784.0,0,19568.0
4587,2024-05-11 00:00:00,Mumbai,Kanjivaram,Maroon,Diwali,1.0,1816.0,50,1816.0
4606,2024-07-06 00:00:00,Mumbai,Kanjivaram,Maroon,Wedding,-1.0,3205.0,20,-3205.0
4189,2022-06-26 00:00:00,Pune,,Gold,Navratri,-2.0,4663.0,50,-9326.0
4619,2024-01-31 00:00:00,DELHI,Kanjivaram,Red,Navratri,2.0,8465.0,50,16930.0
4172,2022-11-07 00:00:00,Jaipur,Cotton,Green,wedding ,1.0,9364.0,0,9364.0
4928,2024-03-15 00:00:00,mumbai ,Kanjivaram,Green,Regular,2.0,4380.0,15,8760.0
4125,2023-06-01 00:00:00,Pune,silk, red,Navratri,3.0,5557.0,20,16671.0
4441,2024-09-14 00:00:00,Mumbai,silk,Red,Eid,,2761.0,50,0.0
4957,2023-03-01 00:00:00,Jaipur,Cotton,Maroon,Diwali,5.0,6255.0,50,31275.0
4954,2023-09-21 00:00:00,Delhi,Georgette,Maroon,wedding ,-2.0,,0,-9610.0
4691,2023-08-13 00:00:00,Delhi, Banarasi,Red,Navratri,3.0,8357.0,10,25071.0
4329,2023-02-03 00:00:00,DELHI,Cotton,Gold,Diwali,3.0,8347.0,0,25041.0
4760,2024-06-20 00:00:00,Surat,Cotton,Red,Navratri,-1.0,7873.0,5,-7873.0
4235,2022-02-24 00:00:00,Surat, Banarasi,Red,Regular,5.0,4054.0,50,20270.0
4812,2023-09-08 00:00:00,Mumbai,,,Wedding,4.0,1051.0,15,4204.0
4902,2024-09-14 00:00:00,Pune,Cotton,Red,Regular,4.0,4641.0,0,18564.0
4812,2022-05-04 00:00:00,Pune,Silk,,Regular,0.0,3068.0,0,0.0
4833,2024-08-30 00:00:00,Surat,Kanjivaram,Gold,Diwali,-2.0,4565.0,15,-9130.0
4524,Not Available,Surat,Kanjivaram,Green,wedding ,2.0,2002.0,5,4004.0
4334,2022-09-01 00:00:00,DELHI,Kanjivaram,Gold,Eid,-2.0,6099.0,50,-12198.0
4470,2023-03-30 00:00:00,mumbai ,silk,Blue,Diwali,-1.0,2563.0,50,-2563.0
4011,2024-06-09 00:00:00,Jaipur,Cotton,Green,Diwali,-1.0,7114.0,50,-7114.0
4868,2024-10-10 00:00:00,mumbai ,Kanjivaram,Maroon,Eid,0.0,4764.0,0,0.0
4484,2022-12-16 00:00:00,Delhi,silk,Red,Diwali,5.0,7311.0,20,36555.0
4228,2022-10-13 00:00:00,DELHI,Cotton, red,Eid,-1.0,6623.0,15,-6623.0
4669,2023-08-17 00:00:00,Pune,silk,Blue,Navratri,0.0,729.0,15,0.0
4766,2023-09-19 00:00:00,Jaipur,Cotton,,Regular,-2.0,5155.0,50,
4347,2023-12-28 00:00:00,Surat,silk,Blue,Eid,0.0,8905.0,10,0.0
4829,2022-07-13 00:00:00,mumbai , Banarasi,Red,Eid,-2.0,6582.0,50,-13164.0
4633,2022-01-22 00:00:00,mumbai ,Cotton,Red,Navratri,2.0,7726.0,0,309040.0
4795,2022-03-16 00:00:00,Surat, Banarasi,Blue,Diwali,3.0,6017.0,20,
4671,2024-06-28 00:00:00,mumbai ,Silk, red,Regular,1.0,1664.0,0,1664.0
4920,2022-01-10 00:00:00,Mumbai,silk,Blue,Diwali,5.0,,15,39425.0
4341,2023-07-25 00:00:00,Jaipur, Banarasi, red,Diwali,5.0,675.0,20,3375.0
4749,2024-05-18 00:00:00,mumbai ,Silk,Gold,wedding ,-1.0,574.0,50,-574.0
4858,2024-01-31 00:00:00,Pune,Georgette,Red,Eid,3.0,4991.0,0,14973.0
4391,2024-02-17 00:00:00,Mumbai,Kanjivaram, red,Regular,-2.0,3158.0,0,-6316.0
4279,2024-01-18 00:00:00,DELHI,Georgette,Blue,wedding ,0.0,8891.0,15,0.0
4573,2024-03-16 00:00:00,Mumbai,silk,Red,Navratri,3.0,9796.0,5,29388.0
4255,2023-12-06 00:00:00,Jaipur,, red,Navratri,-2.0,5007.0,20,-10014.0
4182,2023-04-27 00:00:00,DELHI, Banarasi,Red,wedding ,,4303.0,5,4303.0
4189,2023-11-19 00:00:00,mumbai ,Kanjivaram,Blue,Diwali,1.0,840.0,0,840.0
4970,2022-12-30 00:00:00,Surat,Silk,Red,Regular,4.0,5595.0,10,22380.0
4659,2024-09-13 00:00:00,mumbai ,Cotton,Red,wedding ,4.0,8722.0,0,34888.0
4164,2022-04-29 00:00:00,DELHI,,Blue,Diwali,0.0,1960.0,10,0.0
4817,2024-02-20 00:00:00,mumbai ,silk,Blue,wedding ,5.0,1735.0,10,8675.0
4468,2024-04-16 00:00:00,Jaipur,silk,Blue,Wedding,4.0,2678.0,0,10712.0
4188,2024-06-25 00:00:00,DELHI,Georgette,Green,Eid,3.0,8961.0,50,26883.0
4976,2023-04-04 00:00:00,Surat,silk,Green,Wedding,4.0,995.0,5,3980.0
4219,2022-10-30 00:00:00,Delhi,Georgette,Red,Navratri,4.0,6296.0,5,25184.0
4782,2024-01-18 00:00:00,mumbai ,,Red,wedding ,0.0,5733.0,15,0.0
4563,2024-06-06 00:00:00,Surat,silk, red,Diwali,3.0,7284.0,0,21852.0
4850,2024-05-16 00:00:00,mumbai ,Cotton,Green,Diwali,2.0,2024.0,50,4048.0
4853,2023-09-23 00:00:00,DELHI,Kanjivaram,Green,Eid,-2.0,1721.0,15,
4385,2024-11-04 00:00:00,Delhi,Cotton,Maroon,wedding ,0.0,2929.0,5,0.0
4899,2024-10-05 00:00:00,mumbai ,Georgette,Maroon,Eid,-2.0,1570.0,10,-3140.0
4020,2022-10-30 00:00:00,Pune,Silk,,wedding ,0.0,3411.0,0,0.0
4913,2022-06-21 00:00:00,Jaipur,Kanjivaram, red,Navratri,4.0,8243.0,5,32972.0
4993,2024-04-14 00:00:00,Delhi,Cotton,Gold,Navratri,1.0,2357.0,0,2357.0
4531,2024-08-19 00:00:00,Pune,Kanjivaram,Maroon,Eid,-2.0,6843.0,20,-13686.0
4877,2024-04-07 00:00:00,Surat,Georgette,Green,Regular,1.0,9690.0,20,9690.0
4115,2023-07-31 00:00:00,Pune,Georgette,Blue,Regular,0.0,8259.0,15,0.0
4639,2024-09-07 00:00:00,Delhi,Kanjivaram,,wedding ,3.0,8153.0,5,24459.0
4315,Not Available,Jaipur,,Blue,wedding ,2.0,9124.0,50,18248.0
4639,2024-05-25 00:00:00,Delhi,,Blue,Wedding,-1.0,3265.0,0,-3265.0
4444,2023-01-19 00:00:00,Mumbai,,Green,Wedding,2.0,2849.0,5,5698.0
4093,2022-10-30 00:00:00,Jaipur,silk,Green,Regular,4.0,1219.0,5,4876.0
4032,2022-07-15 00:00:00,Surat,silk,Maroon,Wedding,4.0,5992.0,0,23968.0
4055,2023-03-31 00:00:00,Delhi,silk,Maroon,Diwali,2.0,2666.0,0,5332.0
4232,2023-08-01 00:00:00,DELHI,Cotton,Red,Wedding,4.0,9814.0,20,39256.0
4232,2022-11-24 00:00:00,mumbai ,Georgette,Blue,Wedding,5.0,6659.0,10,33295.0
4106,2023-05-25 00:00:00,Delhi, Banarasi,,Navratri,4.0,5693.0,15,22772.0
4276,Not Available,mumbai ,silk,Gold,Wedding,,9697.0,20,38788.0
4345,2022-10-05 00:00:00,Jaipur,Georgette,Blue,Wedding,4.0,5266.0,10,21064.0
4803,2024-11-28 00:00:00,Jaipur,Georgette,Red,wedding ,2.0,2279.0,20,4558.0
4562,2022-02-11 00:00:00,Surat,Georgette,Maroon,Eid,2.0,7071.0,50,14142.0
4775,2024-11-15 00:00:00,Mumbai,Georgette,Blue,wedding ,2.0,7037.0,15,14074.0
4471,2022-05-25 00:00:00,Pune,Cotton,Gold,Wedding,5.0,5803.0,50,
4487,2024-08-05 00:00:00,Surat, Banarasi,Blue,wedding ,1.0,8323.0,20,8323.0
4152,2022-05-11 00:00:00,Surat,Silk, red,wedding ,0.0,7814.0,50,0.0
4822,2024-02-09 00:00:00,Delhi,Cotton,Red,Regular,0.0,8464.0,0,0.0
4635,2022-12-31 00:00:00,Surat,Georgette,Green,Diwali,-1.0,5509.0,5,-5509.0
4856,2022-01-25 00:00:00,Pune,,Maroon,wedding ,-1.0,3651.0,15,-3651.0
4130,2022-02-24 00:00:00,Pune,silk,Blue,Regular,0.0,6456.0,10,0.0
4612,2023-12-01 00:00:00,Mumbai,Georgette,Gold,Eid,5.0,3572.0,15,17860.0
4545,2024-03-03 00:00:00,Jaipur, Banarasi,,Diwali,2.0,,20,1640.0
4579,2022-12-05 00:00:00,DELHI, Banarasi,Green,Wedding,5.0,8218.0,0,41090.0
4121,2022-02-25 00:00:00,Pune,Georgette,Red,Diwali,-1.0,2915.0,10,-2915.0
4212,Not Available,Mumbai,Kanjivaram,Gold,Regular,4.0,5292.0,5,21168.0
4800,2023-10-26 00:00:00,Jaipur,,Green,Navratri,4.0,7651.0,50,30604.0
4037,2024-09-16 00:00:00,mumbai ,Georgette,Maroon,Eid,-1.0,4784.0,10,-4784.0
4735,2024-12-10 00:00:00,Surat,silk,Green,Diwali,4.0,7660.0,50,30640.0
4465,2023-11-21 00:00:00,Pune,silk,Green,Diwali,4.0,1887.0,10,7548.0
4132,2022-10-28 00:00:00,Jaipur,Georgette,,Eid,-2.0,4724.0,0,-9448.0
4571,2024-04-05 00:00:00,Mumbai,silk,Maroon,Diwali,-2.0,5731.0,10,-11462.0
4942,2022-06-22 00:00:00,DELHI,Cotton, red,Eid,,1881.0,0,-3762.0
4401,2024-06-20 00:00:00,mumbai , Banarasi,Maroon,Eid,4.0,4016.0,5,16064.0
4828,2024-03-11 00:00:00,Mumbai,Silk,Gold,Regular,-2.0,4571.0,5,-9142.0
4027,2023-01-21 00:00:00,DELHI,Georgette,Gold,Wedding,-1.0,,0,-9719.0
4473,2024-03-02 00:00:00,Pune,,,wedding ,3.0,4707.0,10,14121.0
4038,2023-05-19 00:00:00,Delhi,,Red,Eid,3.0,3781.0,5,11343.0
4517,2022-01-29 00:00:00,DELHI,Silk,,Navratri,3.0,5836.0,15,17508.0
4822,2022-01-17 00:00:00,DELHI,,,Diwali,2.0,1632.0,5,3264.0
4443,2023-02-26 00:00:00,Jaipur,Silk,Blue,Navratri,3.0,1856.0,5,5568.0
4921,2024-04-30 00:00:00,Pune, Banarasi,Green,Wedding,0.0,2312.0,15,0.0
4681,2022-04-27 00:00:00,mumbai ,silk,Blue,Diwali,0.0,7867.0,0,0.0
4569,2022-03-02 00:00:00,Mumbai, Banarasi,Green,Regular,,4811.0,50,19244.0
4878,2024-03-08 00:00:00,DELHI,Georgette,Green,Eid,4.0,5511.0,10,22044.0
4102,2024-10-09 00:00:00,Jaipur,silk,,Wedding,,9537.0,50,47685.0
4052,2023-12-26 00:00:00,Mumbai,Cotton,Gold,wedding ,4.0,1193.0,50,4772.0
4880,2024-10-10 00:00:00,Mumbai,,Gold,wedding ,4.0,4190.0,20,16760.0
4891,2023-04-22 00:00:00,Pune,silk,Maroon,Diwali,-1.0,3323.0,20,-3323.0
4421,2022-03-14 00:00:00,Surat, Banarasi,Blue,Wedding,5.0,3000.0,15,15000.0
4267,2023-08-15 00:00:00,Mumbai,Cotton,Blue,Wedding,1.0,8234.0,20,8234.0
4837,2023-07-11 00:00:00,Delhi,Silk,,Regular,5.0,9367.0,0,46835.0
4566,2023-10-24 00:00:00,Mumbai,Cotton,Green,Regular,-2.0,2347.0,5,-4694.0
4159,2023-07-21 00:00:00,Pune,Kanjivaram,Blue,Diwali,5.0,2289.0,20,11445.0
4110,2023-04-28 00:00:00,Surat,Kanjivaram, red,Regular,0.0,4293.0,0,0.0
4779,2024-12-18 00:00:00,Surat,silk, red,Regular,2.0,2270.0,5,4540.0
4040,2022-03-30 00:00:00,mumbai ,,Red,wedding ,4.0,3997.0,15,15988.0
4271,2022-01-29 00:00:00,Mumbai,silk,Maroon,Regular,-1.0,6010.0,5,-120200.0
4799,2022-02-27 00:00:00,DELHI,Silk,,Navratri,2.0,3701.0,15,7402.0
4347,2022-11-20 00:00:00,Delhi,silk,Red,Diwali,2.0,7978.0,0,15956.0
4302,2023-09-22 00:00:00,mumbai ,silk, red,Eid,1.0,1609.0,50,1609.0
4004,2024-05-08 00:00:00,Jaipur,Cotton,Blue,Diwali,0.0,3350.0,15,0.0
4138,2023-05-18 00:00:00,Delhi,Georgette,Maroon,Diwali,3.0,6602.0,10,19806.0
4973,2024-04-28 00:00:00,DELHI,Cotton,Blue,Navratri,4.0,4432.0,10,17728.0
4992,2023-01-24 00:00:00,Jaipur,Kanjivaram,Maroon,Regular,4.0,5097.0,50,20388.0
4118,2022-02-19 00:00:00,Mumbai,silk,,Eid,-1.0,8606.0,50,-8606.0
4386,2024-03-10 00:00:00,Surat,Kanjivaram,Gold,Regular,-1.0,9984.0,5,-9984.0
4565,2022-07-06 00:00:00,Delhi,Kanjivaram,Blue,Diwali,3.0,5198.0,0,15594.0
4252,2023-06-21 00:00:00,mumbai , Banarasi,Blue,wedding ,3.0,5284.0,20,15852.0
4488,2023-09-02 00:00:00,Delhi,silk,Maroon,Navratri,3.0,1593.0,0,4779.0
4853,2022-11-14 00:00:00,DELHI,Kanjivaram, red,Eid,2.0,6456.0,15,12912.0
4052,Not Available,Pune,Silk,Green,Diwali,-2.0,1046.0,10,-2092.0
4555,2022-08-13 00:00:00,DELHI,Silk,Gold,Diwali,2.0,1310.0,10,2620.0
4304,2024-03-26 00:00:00,DELHI,Georgette,,Eid,2.0,7669.0,5,15338.0
4347,2023-10-26 00:00:00,Mumbai,silk,,Diwali,-2.0,5411.0,15,-10822.0
4183,2022-05-31 00:00:00,Mumbai,Georgette,Maroon,Navratri,-2.0,4332.0,10,-8664.0
4894,2024-10-21 00:00:00,Surat,Silk,Red,Wedding,-1.0,9308.0,15,-9308.0
4574,2024-11-29 00:00:00,DELHI, Banarasi,Red,Diwali,5.0,9818.0,5,49090.0
4699,2022-02-03 00:00:00,Delhi,Cotton, red,Wedding,0.0,1206.0,0,0.0
4797,2024-05-11 00:00:00,Surat,,Gold,Diwali,1.0,7289.0,15,7289.0
4875,2024-05-26 00:00:00,Mumbai,Silk,Red,Regular,4.0,6088.0,0,24352.0
4652,2022-06-05 00:00:00,Delhi,Cotton,Maroon,wedding ,2.0,6291.0,15,12582.0
4473,2023-04-29 00:00:00,DELHI,Georgette,,Regular,-1.0,5692.0,20,-5692.0
4162,2024-03-27 00:00:00,Jaipur,,Red,Wedding,-1.0,7670.0,10,-7670.0
4389,2022-01-01 00:00:00,Surat, Banarasi,Green,Navratri,0.0,8776.0,0,0.0
4683,2023-12-24 00:00:00,Jaipur,Silk, red,Eid,4.0,618.0,15,2472.0
4541,2023-05-05 00:00:00,Mumbai,silk,,Navratri,,2769.0,10,2769.0
4337,Not Available,Mumbai,Kanjivaram,Blue,Eid,-1.0,3943.0,0,-3943.0
4267,2024-08-04 00:00:00,Jaipur,silk,Gold,Diwali,2.0,1008.0,15,2016.0
4960,2023-11-01 00:00:00,mumbai ,silk, red,Diwali,5.0,2237.0,15,11185.0
4502,2023-12-13 00:00:00,Delhi,Silk,Gold,Regular,0.0,9471.0,10,0.0
4731,2024-08-16 00:00:00,DELHI,Georgette,Gold,Eid,2.0,1596.0,50,3192.0
4150,2022-11-14 00:00:00,DELHI,silk,Gold,Wedding,3.0,3044.0,10,9132.0
4412,2023-02-14 00:00:00,DELHI, Banarasi,,Wedding,4.0,7370.0,20,29480.0
4957,Not Available,Surat,Georgette,Maroon,Regular,-1.0,5970.0,10,-5970.0
4046,2022-01-21 00:00:00,Jaipur,Kanjivaram,Maroon,Wedding,,7839.0,10,-15678.0
4561,2023-06-16 00:00:00,Surat, Banarasi,,wedding ,-2.0,9908.0,20,-19816.0
4181,2024-01-16 00:00:00,Jaipur,Kanjivaram,,wedding ,1.0,2762.0,50,2762.0
4154,2022-08-06 00:00:00,DELHI,Georgette,,Eid,-1.0,4385.0,0,-4385.0
4633,Not Available,Surat,Georgette,Blue,wedding ,0.0,6554.0,15,0.0
4555,2023-02-22 00:00:00,Surat,silk,,Navratri,2.0,4039.0,5,8078.0
4471,2022-01-18 00:00:00,Pune,silk,Gold,Navratri,5.0,1601.0,0,8005.0
4098,2022-08-04 00:00:00,Delhi,Georgette,Blue,Wedding,0.0,7067.0,10,0.0
4403,2023-09-15 00:00:00,Pune,Georgette,,Wedding,-2.0,3946.0,5,-7892.0
4510,2023-05-24 00:00:00,mumbai ,Georgette,Green,wedding ,0.0,8210.0,5,0.0
4709,2024-01-05 00:00:00,mumbai ,,Red,Diwali,-1.0,6404.0,15,-6404.0
4644,2022-10-29 00:00:00,Delhi,Georgette, red,Wedding,0.0,8295.0,5,0.0
4035,2024-04-04 00:00:00,Delhi, Banarasi, red,Wedding,-2.0,1488.0,15,-2976.0
4860,2024-11-15 00:00:00,Jaipur,Kanjivaram,Gold,Wedding,-2.0,,10,-14462.0
4102,2023-06-19 00:00:00,Mumbai, Banarasi,Green,Wedding,5.0,2540.0,10,12700.0
4784,2023-08-01 00:00:00,Pune, Banarasi,Maroon,wedding ,1.0,1570.0,10,1570.0
4061,2022-01-24 00:00:00,Surat,Kanjivaram,Blue,Eid,0.0,5253.0,50,0.0
4295,2023-08-11 00:00:00,Pune,Cotton,Gold,Navratri,-1.0,8783.0,5,-8783.0
4564,2023-10-08 00:00:00,Mumbai,Kanjivaram,Green,Regular,5.0,7071.0,10,35355.0
4413,2024-03-16 00:00:00,Surat,silk, red,wedding ,-1.0,4315.0,10,-4315.0
4863,2023-11-03 00:00:00,DELHI, Banarasi,Gold,Eid,4.0,5282.0,0,21128.0
4804,2022-08-16 00:00:00,mumbai ,Cotton,,Regular,5.0,8215.0,15,41075.0
4080,2024-10-28 00:00:00,Jaipur, Banarasi,Maroon,Wedding,-1.0,6148.0,10,-6148.0
4952,Not Available,Surat,Kanjivaram,Maroon,Wedding,-1.0,5710.0,15,-5710.0
4603,2024-12-15 00:00:00,Surat,silk,,wedding ,-1.0,7052.0,0,-7052.0
4681,2022-12-29 00:00:00,Delhi, Banarasi,Gold,Navratri,-1.0,2167.0,5,-2167.0
4229,2023-11-18 00:00:00,mumbai ,Kanjivaram,Green,Navratri,,2524.0,20,-5048.0
4128,2024-09-19 00:00:00,DELHI,Silk,Maroon,Diwali,5.0,6055.0,15,30275.0
4857,2022-05-21 00:00:00,mumbai ,Silk, red,Regular,-2.0,1419.0,10,-2838.0
4297,2022-06-17 00:00:00,Delhi, Banarasi,Green,Regular,4.0,2375.0,0,9500.0
4073,2024-08-29 00:00:00,Surat,silk,Maroon,Eid,2.0,3670.0,0,7340.0
4603,2022-12-01 00:00:00,Delhi,Georgette,Maroon,Navratri,3.0,9293.0,0,27879.0
4836,2023-11-24 00:00:00,Pune,silk,Blue,Diwali,-1.0,7292.0,50,-7292.0
4340,2022-07-27 00:00:00,Surat,silk,Maroon,wedding ,3.0,9152.0,20,27456.0
4144,2022-03-31 00:00:00,Mumbai,Silk,,wedding ,,3013.0,10,15065.0
4799,2023-08-16 00:00:00,Surat,Cotton,,Navratri,2.0,8514.0,50,17028.0
4335,2023-01-21 00:00:00,Delhi,Kanjivaram,Green,Regular,3.0,3222.0,15,9666.0
4709,2022-12-08 00:00:00,Mumbai,Silk,Gold,Navratri,-1.0,7106.0,5,-7106.0
4397,2023-01-09 00:00:00,Pune,Kanjivaram,Green,Wedding,5.0,1625.0,20,8125.0
4236,2023-01-16 00:00:00,mumbai ,Cotton,Blue,Eid,-1.0,6007.0,20,-6007.0
4681,2022-08-16 00:00:00,Mumbai,,Blue,Wedding,4.0,5073.0,10,20292.0
4672,2022-03-10 00:00:00,Mumbai, Banarasi,Green,Navratri,5.0,4433.0,5,22165.0
4748,2024-02-18 00:00:00,Pune,Cotton,Blue,Wedding,1.0,7694.0,15,7694.0
4842,2022-09-27 00:00:00,Mumbai, Banarasi,Red,Eid,-2.0,6143.0,10,-12286.0
4267,2023-03-22 00:00:00,Mumbai,Kanjivaram,Blue,wedding ,4.0,6761.0,5,27044.0
4546,2022-01-16 00:00:00,Pune,Silk,,Regular,2.0,9639.0,50,19278.0
4655,2024-06-05 00:00:00,Mumbai,Georgette,Red,Diwali,-2.0,7781.0,5,-15562.0
4495,2024-12-18 00:00:00,mumbai ,,Green,Eid,4.0,1928.0,50,7712.0
4838,2024-11-12 00:00:00,Pune,Kanjivaram,Red,Wedding,-1.0,1497.0,15,-1497.0
4690,2024-04-07 00:00:00,DELHI,Cotton,Red,Navratri,-1.0,2249.0,20,-2249.0
4242,2023-10-23 00:00:00,Surat,Kanjivaram,,Diwali,-1.0,1925.0,50,-1925.0
4821,2022-05-19 00:00:00,Jaipur,Cotton,,wedding ,5.0,3629.0,5,
4565,2024-09-01 00:00:00,Mumbai,Silk,,wedding ,-1.0,6220.0,20,-6220.0
4735,2024-10-01 00:00:00,Mumbai,,Maroon,wedding ,1.0,1509.0,10,1509.0
4214,2023-06-10 00:00:00,Jaipur,Kanjivaram,Gold,wedding ,-2.0,5451.0,50,-10902.0
4805,2024-01-09 00:00:00,Mumbai,Kanjivaram, red,Eid,4.0,746.0,50,2984.0
4216,2022-04-03 00:00:00,Surat,, red,Navratri,5.0,4237.0,5,21185.0
4421,2024-02-23 00:00:00,mumbai ,Cotton,Red,wedding ,2.0,9212.0,0,18424.0
4760,2022-01-14 00:00:00,Pune,Cotton,,Wedding,1.0,8613.0,15,8613.0
4053,2024-01-28 00:00:00,Jaipur, Banarasi,Red,wedding ,2.0,3207.0,10,6414.0
4004,2024-11-20 00:00:00,Pune, Banarasi, red,Wedding,-1.0,2583.0,10,-2583.0
4257,2023-01-30 00:00:00,Surat, Banarasi,,Wedding,-1.0,1968.0,10,-1968.0
4929,2022-10-16 00:00:00,Mumbai,silk,Red,Diwali,4.0,6085.0,15,24340.0
4539,2023-01-08 00:00:00,mumbai ,Cotton,Green,Eid,1.0,8456.0,0,8456.0
4053,2023-09-25 00:00:00,Delhi,silk,Blue,Regular,1.0,9596.0,50,9596.0
4819,2022-01-29 00:00:00,Jaipur,,,Wedding,1.0,5685.0,0,5685.0
4080,2023-11-09 00:00:00,Pune,,Green,Eid,5.0,9873.0,15,49365.0
4797,Not Available,Jaipur,silk,Maroon,Navratri,0.0,7871.0,15,0.0
4971,2022-11-24 00:00:00,Delhi,silk,Gold,Diwali,5.0,7183.0,20,35915.0
4980,2022-11-20 00:00:00,Jaipur,Silk,,Wedding,4.0,,50,5352.0
4761,2023-01-22 00:00:00,Mumbai,Silk,,Eid,-2.0,,0,-13758.0
4484,2024-10-10 00:00:00,Jaipur,Georgette, red,Eid,-2.0,2350.0,50,-4700.0
4871,2022-02-10 00:00:00,Pune,, red,Diwali,-2.0,2074.0,0,-4148.0
4050,2023-06-01 00:00:00,Jaipur,Cotton,Red,Wedding,4.0,7046.0,10,28184.0
4444,2024-05-15 00:00:00,mumbai ,Silk,Red,wedding ,2.0,4506.0,0,9012.0
4206,2022-11-17 00:00:00,DELHI,Silk,,wedding ,1.0,9063.0,50,9063.0
4146,2023-05-09 00:00:00,Jaipur,Cotton,Blue,Diwali,3.0,3090.0,50,9270.0
4555,2023-03-31 00:00:00,Delhi,, red,Regular,-1.0,512.0,50,-512.0
4402,2024-03-24 00:00:00,mumbai ,,Red,Eid,3.0,9001.0,20,27003.0
4226,2022-03-02 00:00:00,Surat,Silk, red,wedding ,-1.0,4136.0,20,-4136.0
4156,2023-02-06 00:00:00,Delhi,Kanjivaram,Gold,Wedding,0.0,4872.0,20,0.0
4675,2024-02-28 00:00:00,Mumbai,Silk,Gold,Navratri,-1.0,9219.0,10,-9219.0
4084,2024-09-25 00:00:00,Mumbai,, red,Diwali,-1.0,3407.0,0,-3407.0
4623,2022-12-14 00:00:00,Jaipur,Cotton, red,Wedding,3.0,5830.0,50,17490.0
4818,2023-03-11 00:00:00,Pune,Cotton,Gold,wedding ,5.0,2542.0,5,12710.0
4018,2022-06-01 00:00:00,Jaipur,silk,,Wedding,4.0,3757.0,5,15028.0
4472,2022-01-25 00:00:00,Jaipur,, red,Diwali,4.0,903.0,0,3612.0
4775,2023-09-07 00:00:00,DELHI,Georgette,Green,Eid,4.0,3555.0,0,14220.0
4343,2022-05-23 00:00:00,mumbai ,Silk,,wedding ,5.0,6599.0,10,32995.0
4195,2023-03-02 00:00:00,mumbai ,Silk,Maroon,Diwali,3.0,5034.0,20,15102.0
4169,2024-08-14 00:00:00,Delhi,,Maroon,wedding ,-1.0,9461.0,5,-9461.0
4027,2022-06-06 00:00:00,DELHI,Kanjivaram,Blue,Regular,-1.0,2876.0,5,-2876.0
4654,2024-03-24 00:00:00,Jaipur,Cotton,Green,Navratri,5.0,6351.0,50,31755.0
4739,2022-04-16 00:00:00,mumbai ,Silk,Maroon,Diwali,2.0,6406.0,5,12812.0
4895,2022-04-12 00:00:00,Jaipur,,Gold,Wedding,1.0,9040.0,0,9040.0
4009,2023-01-13 00:00:00,Surat,Cotton,Blue,Eid,1.0,4817.0,20,4817.0
4595,2023-02-08 00:00:00,Surat,Georgette,Green,Navratri,2.0,2446.0,15,
4216,2022-03-19 00:00:00,DELHI,Cotton,Green,Eid,4.0,6224.0,20,24896.0
4826,2023-10-23 00:00:00,DELHI,Cotton,Green,Regular,5.0,3360.0,15,16800.0
4071,2023-09-06 00:00:00,mumbai ,Kanjivaram,Maroon,Navratri,1.0,4362.0,0,4362.0
4305,2022-04-24 00:00:00,Jaipur,,Blue,Navratri,5.0,3300.0,0,16500.0
4763,2024-03-31 00:00:00,Mumbai, Banarasi, red,Wedding,3.0,4432.0,0,13296.0
4989,Not Available,Mumbai,Silk,Blue,Diwali,4.0,7595.0,0,30380.0
4922,2023-02-26 00:00:00,Jaipur,Cotton, red,Diwali,3.0,9830.0,15,29490.0
4094,2024-02-09 00:00:00,Delhi,Georgette, red,Regular,-1.0,3737.0,20,-3737.0
4195,2023-01-18 00:00:00,DELHI,Silk,Maroon,Regular,-1.0,4876.0,5,-4876.0
4639,2024-04-17 00:00:00,Mumbai, Banarasi,Green,Eid,-2.0,3285.0,5,-6570.0
4896,2024-10-27 00:00:00,Delhi,Cotton,Green,Eid,,1040.0,5,-1040.0
4460,2024-09-19 00:00:00,DELHI, Banarasi,Maroon,Diwali,4.0,918.0,50,3672.0
4480,2022-05-23 00:00:00,Delhi,silk,Green,Navratri,2.0,3472.0,20,6944.0
4608,2024-07-24 00:00:00,Pune,Silk,Green,wedding ,0.0,3552.0,20,0.0
4475,2023-09-29 00:00:00,Jaipur,Georgette,,Regular,-1.0,4013.0,20,-4013.0
4057,2023-12-06 00:00:00,Delhi,Silk,,Regular,-2.0,737.0,5,-1474.0
4685,2024-03-17 00:00:00,Mumbai, Banarasi,Gold,wedding ,-1.0,2340.0,0,-2340.0
4421,2024-11-24 00:00:00,DELHI,Silk, red,Eid,0.0,8169.0,5,0.0
4705,2022-10-02 00:00:00,Jaipur,silk,Maroon,Regular,1.0,2726.0,10,2726.0
4308,2024-10-23 00:00:00,Jaipur,,Blue,Eid,-2.0,1335.0,10,-2670.0
4716,Not Available,mumbai ,Kanjivaram,Green,Navratri,3.0,1438.0,0,4314.0
4434,2024-08-26 00:00:00,mumbai , Banarasi,Green,Regular,2.0,3583.0,20,7166.0
4133,2024-04-30 00:00:00,Delhi,,Gold,Navratri,5.0,1318.0,10,6590.0
4419,2023-05-30 00:00:00,DELHI,,Maroon,Navratri,5.0,2573.0,5,12865.0
4883,2022-12-22 00:00:00,Pune,silk,Blue,Navratri,2.0,2100.0,50,4200.0
4071,2023-09-17 00:00:00,DELHI,Georgette,Green,Eid,2.0,3293.0,10,6586.0
4610,2023-09-02 00:00:00,mumbai ,Cotton,,Navratri,-2.0,8268.0,5,-16536.0
4057,2024-04-01 00:00:00,mumbai ,silk,,wedding ,0.0,5368.0,5,0.0
4045,Not Available,DELHI,,Red,Navratri,-2.0,7098.0,5,-14196.0
4751,2022-11-08 00:00:00,DELHI,Cotton,Gold,wedding ,-1.0,9620.0,0,-9620.0
4203,2024-07-22 00:00:00,Delhi,Kanjivaram,Red,Regular,1.0,9011.0,50,9011.0
4225,2022-07-07 00:00:00,Pune,Georgette,Maroon,Wedding,4.0,1469.0,15,5876.0
4521,2022-12-15 00:00:00,Delhi,Cotton,,wedding ,-2.0,9618.0,50,-19236.0
4763,2023-07-28 00:00:00,Pune,,Green,wedding ,-1.0,1907.0,5,-1907.0
4385,2024-01-23 00:00:00,Mumbai, Banarasi,Gold,Regular,4.0,3470.0,20,13880.0
4046,2023-06-03 00:00:00,Jaipur,Silk,Red,Diwali,-1.0,2720.0,0,-2720.0
4330,2024-08-12 00:00:00,DELHI,,Blue,Wedding,-2.0,6878.0,0,-13756.0
4270,2024-03-14 00:00:00,mumbai ,Cotton,,wedding ,4.0,8295.0,15,33180.0
4740,2024-07-04 00:00:00,Jaipur,Cotton,Red,Navratri,1.0,5862.0,5,5862.0
4700,2023-12-20 00:00:00,Jaipur, Banarasi,,Regular,4.0,7834.0,50,31336.0
4183,2024-08-05 00:00:00,Delhi,Georgette,Red,Eid,1.0,4459.0,5,4459.0
4878,2022-07-02 00:00:00,Jaipur,,Maroon,Navratri,-2.0,2802.0,50,-5604.0
4671,2024-12-24 00:00:00,Surat,Cotton, red,Diwali,5.0,1420.0,10,7100.0
4959,2024-09-09 00:00:00,mumbai ,Georgette, red,Eid,4.0,2783.0,20,11132.0
4750,2022-07-29 00:00:00,Pune,silk,Maroon,wedding ,0.0,5718.0,50,0.0
4064,2024-12-19 00:00:00,DELHI,Cotton,Red,Diwali,3.0,4555.0,10,13665.0
4646,2024-01-29 00:00:00,Mumbai,Kanjivaram,Blue,Navratri,3.0,7560.0,15,22680.0
4710,2023-03-18 00:00:00,Surat,silk,Blue,Wedding,0.0,4576.0,10,0.0
4729,2023-02-24 00:00:00,Jaipur,Cotton,Gold,wedding ,0.0,2605.0,15,0.0
4841,2022-08-30 00:00:00,Mumbai,Kanjivaram,Green,Regular,1.0,6769.0,15,6769.0
4713,2024-10-28 00:00:00,Mumbai,Silk,Gold,Wedding,5.0,1608.0,20,8040.0
4456,2024-11-01 00:00:00,DELHI,silk,Maroon,Regular,-1.0,8468.0,50,-8468.0
4357,2023-09-11 00:00:00,mumbai ,silk,Green,Wedding,4.0,7992.0,15,31968.0
4577,2024-09-04 00:00:00,Mumbai,silk,,Regular,4.0,1664.0,50,6656.0
4159,2022-05-29 00:00:00,DELHI,Kanjivaram,Green,Navratri,-2.0,6868.0,5,-13736.0
4317,2022-11-23 00:00:00,DELHI,Kanjivaram, red,Navratri,1.0,2002.0,15,2002.0
4580,2024-08-04 00:00:00,Jaipur,Kanjivaram,Green,Navratri,5.0,1629.0,10,8145.0
4226,2024-08-31 00:00:00,mumbai ,Cotton,Blue,Wedding,5.0,4043.0,10,20215.0
4388,2024-06-30 00:00:00,Surat,Silk,,Wedding,0.0,9626.0,50,0.0
4839,2024-09-23 00:00:00,DELHI,Cotton,,Diwali,4.0,8949.0,15,35796.0
4834,2022-04-02 00:00:00,Jaipur,silk,Green,Navratri,3.0,,0,13218.0
4768,2024-08-13 00:00:00,mumbai , Banarasi,,Wedding,5.0,6541.0,15,32705.0
4828,2023-05-12 00:00:00,Jaipur,Georgette,,wedding ,4.0,7299.0,50,29196.0
4240,2024-10-04 00:00:00,mumbai ,Silk,Blue,Diwali,-1.0,3272.0,50,-3272.0
4944,2024-03-30 00:00:00,mumbai , Banarasi,,Navratri,2.0,6493.0,15,12986.0
4688,2024-01-20 00:00:00,Mumbai,silk,Maroon,Eid,3.0,9219.0,20,27657.0
4417,2023-07-07 00:00:00,Pune,Kanjivaram,Gold,Eid,-2.0,9979.0,0,-19958.0
4103,2023-12-14 00:00:00,Jaipur,,Gold,Regular,1.0,5066.0,10,5066.0
4768,2022-01-11 00:00:00,DELHI,Cotton,Green,Navratri,2.0,2360.0,20,4720.0
4026,2023-09-12 00:00:00,mumbai , Banarasi, red,wedding ,2.0,886.0,20,1772.0
4248,2023-04-28 00:00:00,Delhi, Banarasi,Green,wedding ,4.0,5411.0,10,
4652,2023-03-03 00:00:00,DELHI,silk,Green,wedding ,-1.0,7066.0,5,-7066.0
4461,2024-03-04 00:00:00,Pune,Georgette,Gold,wedding ,1.0,2187.0,20,2187.0
4089,2023-03-04 00:00:00,Surat,Silk, red,Navratri,-1.0,4197.0,0,-4197.0
4376,2024-09-29 00:00:00,Delhi,,Blue,wedding ,1.0,9850.0,10,9850.0
4991,2022-03-23 00:00:00,Mumbai,Silk,Blue,Eid,0.0,3142.0,5,0.0
4674,2024-03-11 00:00:00,Delhi, Banarasi,Maroon,Eid,0.0,1853.0,50,0.0
4400,2023-02-05 00:00:00,Delhi,Cotton, red,Navratri,3.0,7710.0,50,23130.0
4576,2023-11-04 00:00:00,Surat,Cotton, red,Regular,-2.0,4992.0,5,-9984.0
4396,2023-08-12 00:00:00,Pune, Banarasi,Blue,Diwali,5.0,2532.0,5,12660.0
4876,2022-12-29 00:00:00,Delhi,Georgette,Maroon,Diwali,-1.0,2349.0,15,-2349.0
4126,2023-06-08 00:00:00,mumbai ,Kanjivaram,Green,wedding ,5.0,600.0,15,3000.0
4459,2022-03-27 00:00:00,DELHI,,,Eid,0.0,9766.0,5,0.0
4189,2022-02-09 00:00:00,Delhi,Cotton,Green,wedding ,5.0,8988.0,5,44940.0
4550,2022-05-08 00:00:00,DELHI,Cotton,Green,Diwali,-1.0,6565.0,50,-6565.0
4662,2024-11-14 00:00:00,DELHI,Georgette,Green,Wedding,3.0,3013.0,0,
4108,2022-08-19 00:00:00,DELHI,Kanjivaram,Gold,Diwali,1.0,5210.0,20,5210.0
4909,2023-02-10 00:00:00,DELHI, Banarasi,Green,wedding ,2.0,1674.0,20,3348.0
4967,2023-02-11 00:00:00,Jaipur, Banarasi,Red,Diwali,3.0,9495.0,50,28485.0
4627,2024-08-15 00:00:00,mumbai ,Silk,Gold,Navratri,0.0,7136.0,20,0.0
4814,2024-07-05 00:00:00,Pune,,Maroon,wedding ,3.0,6975.0,0,20925.0
4315,2024-07-08 00:00:00,Surat, Banarasi,Green,Diwali,5.0,4657.0,5,23285.0
4985,Not Available,Jaipur,Cotton,Gold,wedding ,4.0,9844.0,0,39376.0
4455,2024-06-29 00:00:00,Pune,,Green,Wedding,-2.0,5997.0,0,-11994.0
4400,2022-03-14 00:00:00,Mumbai,Silk, red,Regular,2.0,1813.0,0,3626.0
4046,2022-10-22 00:00:00,Surat,Cotton, red,Navratri,,,5,
4414,2023-10-27 00:00:00,Delhi,Cotton,Green,Diwali,3.0,8544.0,50,25632.0
4045,2024-11-28 00:00:00,DELHI, Banarasi,Red,Diwali,4.0,8686.0,0,34744.0
4625,2022-07-27 00:00:00,Delhi,silk, red,wedding ,0.0,7486.0,15,0.0
4305,Not Available,Mumbai,Silk,Gold,Regular,4.0,4481.0,15,17924.0
4097,2024-01-19 00:00:00,DELHI,Georgette, red,Eid,2.0,5107.0,0,
4262,2022-09-25 00:00:00,Jaipur,Silk,Green,Eid,4.0,3906.0,10,15624.0
4386,2024-10-06 00:00:00,mumbai ,Silk,Gold,wedding ,2.0,4696.0,50,9392.0
4401,2024-10-23 00:00:00,Jaipur,Kanjivaram,,Navratri,5.0,,50,3555.0
4667,2023-02-03 00:00:00,Mumbai,Cotton, red,Navratri,5.0,5924.0,10,29620.0
4180,2022-09-23 00:00:00,Pune,,Maroon,wedding ,-2.0,7725.0,0,-15450.0
4431,2023-05-07 00:00:00,DELHI,Kanjivaram,Maroon,Diwali,4.0,7641.0,0,30564.0
4571,2024-09-07 00:00:00,Delhi,Silk,Green,Navratri,5.0,7906.0,15,39530.0
4733,2023-08-27 00:00:00,Delhi, Banarasi, red,wedding ,4.0,7022.0,0,28088.0
4666,2022-09-11 00:00:00,Mumbai,Silk,Red,Regular,4.0,6060.0,10,24240.0
4400,2022-08-25 00:00:00,Pune,,Green,Wedding,2.0,9730.0,5,19460.0
4663,2022-06-15 00:00:00,Pune,Silk,Maroon,Regular,2.0,2145.0,10,4290.0
4492,2024-06-18 00:00:00,Delhi,silk,Maroon,wedding ,3.0,7362.0,10,22086.0
4694,2024-01-25 00:00:00,Jaipur,Cotton,,Regular,5.0,3715.0,15,18575.0
4392,2024-07-06 00:00:00,Pune,Cotton,Maroon,Diwali,4.0,7157.0,15,28628.0
4713,2022-03-14 00:00:00,DELHI,Silk, red,Eid,-1.0,6459.0,50,-6459.0
4015,2023-05-16 00:00:00,Surat,,Maroon,Wedding,4.0,1664.0,50,6656.0
4337,2023-06-08 00:00:00,Mumbai,Kanjivaram,Blue,Diwali,4.0,1517.0,50,6068.0
4284,2024-11-11 00:00:00,Mumbai, Banarasi, red,Wedding,5.0,1181.0,10,5905.0
4021,2024-03-22 00:00:00,Pune,Kanjivaram,Maroon,Navratri,2.0,4522.0,15,9044.0
4866,2022-12-19 00:00:00,Mumbai,,Red,wedding ,0.0,1252.0,15,0.0
4293,Not Available,Jaipur,silk,Blue,Wedding,-1.0,2986.0,15,-2986.0
4395,2023-02-24 00:00:00,Surat,Kanjivaram,Gold,Navratri,-1.0,2061.0,5,-2061.0
4037,2024-09-16 00:00:00,mumbai ,Georgette,Maroon,Eid,-1.0,4784.0,10,-4784.0
4124,2022-08-04 00:00:00,mumbai ,Cotton,Blue,Diwali,,4287.0,10,12861.0
4638,2024-04-04 00:00:00,mumbai ,Kanjivaram,Blue,Regular,-2.0,1581.0,10,-3162.0
4607,2024-10-13 00:00:00,Delhi,Kanjivaram,Red,Regular,3.0,3244.0,20,9732.0
4402,Not Available,Surat,Georgette,Blue,Wedding,1.0,5081.0,15,5081.0
4717,2023-09-29 00:00:00,mumbai ,Cotton,Gold,Eid,,5050.0,5,10100.0
4347,2023-07-29 00:00:00,Surat,Kanjivaram,Maroon,Wedding,3.0,1440.0,5,4320.0
4132,2023-08-17 00:00:00,Surat,Cotton,,Navratri,5.0,5572.0,5,27860.0
4379,2022-04-12 00:00:00,Delhi,Kanjivaram,Blue,Navratri,1.0,1267.0,20,1267.0
4676,2024-09-16 00:00:00,Surat,Cotton,Red,Eid,3.0,6630.0,50,19890.0
4112,2024-10-06 00:00:00,Mumbai,Georgette,Maroon,Diwali,2.0,8677.0,20,17354.0
4189,2023-08-18 00:00:00,Pune,silk,Gold,wedding ,1.0,9445.0,0,9445.0
4879,2024-03-15 00:00:00,Pune, Banarasi,Red,Eid,5.0,6044.0,10,30220.0
4828,2022-05-23 00:00:00,Delhi,Silk,Red,wedding ,5.0,2918.0,5,14590.0
4928,2024-11-28 00:00:00,Jaipur,Cotton,Red,Navratri,2.0,7444.0,10,14888.0
4998,2024-11-22 00:00:00,Jaipur,Silk,Maroon,wedding ,1.0,8426.0,50,8426.0
4020,2024-06-17 00:00:00,Pune,,Gold,Diwali,1.0,3557.0,5,3557.0
4731,2023-05-09 00:00:00,Pune,Kanjivaram,Red,Wedding,0.0,9092.0,50,0.0
4512,2022-01-12 00:00:00,Pune,Silk, red,Eid,-2.0,8669.0,5,-17338.0
4339,2024-05-30 00:00:00,Mumbai,Cotton,Gold,Wedding,4.0,8174.0,50,32696.0
4406,2022-02-20 00:00:00,Jaipur,,,Regular,2.0,5553.0,0,11106.0
4779,2024-08-08 00:00:00,Mumbai,Georgette,Maroon,Eid,2.0,1074.0,0,2148.0
4095,2022-11-03 00:00:00,mumbai ,Kanjivaram,,Diwali,-1.0,7375.0,50,-7375.0
4075,2024-07-20 00:00:00,Surat,Georgette, red,Diwali,2.0,9993.0,15,19986.0
4866,2024-12-05 00:00:00,mumbai ,silk,Blue,Diwali,4.0,1118.0,5,
4647,2023-04-30 00:00:00,Jaipur,Kanjivaram,Blue,Eid,,8266.0,50,-16532.0
4469,2024-06-01 00:00:00,Delhi,Kanjivaram,Red,Eid,4.0,1469.0,20,5876.0
4637,2023-05-06 00:00:00,Jaipur,Cotton,,Navratri,-1.0,3627.0,10,-3627.0
4368,2024-07-12 00:00:00,Delhi,Cotton,Red,Wedding,0.0,9489.0,50,0.0
4658,2024-07-09 00:00:00,Surat,Kanjivaram,Green,Navratri,0.0,4227.0,15,0.0
4684,2022-06-19 00:00:00,Pune,Georgette,,Regular,4.0,5577.0,50,22308.0
4671,2022-10-13 00:00:00,Pune,,Red,Eid,-2.0,9109.0,15,
4953,2023-05-28 00:00:00,Jaipur,,Green,Diwali,-1.0,855.0,10,-17100.0
4857,2022-05-09 00:00:00,Delhi,Cotton,Gold,Navratri,3.0,4862.0,10,14586.0
4771,2022-05-29 00:00:00,Pune, Banarasi,,Eid,1.0,3010.0,10,3010.0
4283,Not Available,Mumbai,Cotton,,wedding ,-1.0,7897.0,0,-7897.0
4014,2022-10-23 00:00:00,mumbai ,Cotton,Gold,Wedding,3.0,7894.0,50,23682.0
4206,2023-01-31 00:00:00,mumbai ,Kanjivaram,Maroon,Wedding,-2.0,5236.0,0,-10472.0
4378,2023-07-08 00:00:00,DELHI,Kanjivaram,Red,Eid,4.0,9195.0,5,36780.0
4040,2023-02-24 00:00:00,Pune,Georgette,Maroon,wedding ,,814.0,0,
4098,2024-07-09 00:00:00,mumbai ,Silk,Maroon,wedding ,-2.0,8675.0,0,-17350.0
4914,2022-12-01 00:00:00,mumbai ,,Green,Diwali,2.0,4481.0,0,8962.0
4119,2023-08-09 00:00:00,Delhi,silk,,Diwali,-1.0,2082.0,5,-2082.0
4928,2024-09-14 00:00:00,Pune,Silk,Blue,Eid,3.0,4282.0,50,12846.0
4967,2022-07-20 00:00:00,mumbai ,Kanjivaram,,Wedding,5.0,1064.0,20,5320.0
4871,2023-12-11 00:00:00,Mumbai,,Blue,Diwali,4.0,2064.0,10,8256.0
4863,2023-10-28 00:00:00,Delhi,Silk,Maroon,Wedding,3.0,5434.0,15,16302.0
4854,2024-01-31 00:00:00,Pune,,Red,Wedding,-1.0,1454.0,50,-1454.0
4658,2024-04-21 00:00:00,Mumbai,Silk,Gold,Wedding,1.0,2281.0,0,2281.0
4604,2023-09-27 00:00:00,Mumbai,Kanjivaram,Green,Diwali,4.0,4850.0,10,19400.0
4245,2024-11-09 00:00:00,Mumbai, Banarasi,Gold,Regular,5.0,9005.0,5,900500.0
4942,2023-07-18 00:00:00,DELHI,Cotton, red,Diwali,2.0,9936.0,15,19872.0
4062,2023-04-28 00:00:00,mumbai ,Kanjivaram,Gold,Regular,5.0,5364.0,20,26820.0
4611,2023-03-06 00:00:00,Surat, Banarasi,,Regular,1.0,4436.0,5,4436.0
4871,2022-01-15 00:00:00,Delhi,Georgette,Red,Diwali,-1.0,,15,-6617.0
4307,2022-11-07 00:00:00,Pune, Banarasi,Maroon,Regular,5.0,1269.0,50,6345.0
4606,2024-07-14 00:00:00,Delhi,Georgette, red,Eid,-2.0,1104.0,10,-2208.0
4258,2022-02-12 00:00:00,Jaipur,,,wedding ,-1.0,1227.0,0,-1227.0
4492,2024-12-01 00:00:00,Delhi, Banarasi,,Eid,5.0,1910.0,50,9550.0
4131,2022-08-05 00:00:00,Jaipur,Silk,,Regular,-1.0,3053.0,20,-3053.0
4562,2024-09-21 00:00:00,DELHI,Georgette,Maroon,wedding ,-2.0,548.0,50,-21920.0
4434,2024-03-10 00:00:00,Delhi,Georgette,,Wedding,2.0,9975.0,15,19950.0
4782,2022-12-22 00:00:00,mumbai ,,Blue,wedding ,-2.0,2323.0,20,-4646.0
4600,Not Available,Delhi,Kanjivaram,Blue,Navratri,2.0,6849.0,50,13698.0
4404,2024-07-09 00:00:00,DELHI,Georgette,Red,Navratri,5.0,5586.0,10,27930.0
4786,Not Available,Delhi,silk,Red,wedding ,-2.0,5417.0,10,-10834.0
4079,2023-08-28 00:00:00,Surat,silk,Gold,Eid,-2.0,8457.0,20,-16914.0
4684,2023-12-26 00:00:00,Jaipur,,Maroon,Wedding,5.0,8227.0,0,41135.0
4507,2024-05-08 00:00:00,Delhi,Cotton,Red,Regular,3.0,9666.0,0,28998.0
4546,2022-02-05 00:00:00,Surat,Cotton, red,Wedding,0.0,9304.0,10,0.0
4041,2024-04-17 00:00:00,Delhi,,Blue,Navratri,3.0,6079.0,10,18237.0
4230,2024-07-11 00:00:00,Surat,silk,Red,Diwali,-2.0,4125.0,0,-8250.0
4908,2022-10-25 00:00:00,DELHI, Banarasi,Maroon,wedding ,1.0,9686.0,0,9686.0
4609,2023-10-12 00:00:00,Pune,Kanjivaram,Green,Regular,2.0,7457.0,5,14914.0
4062,2024-10-03 00:00:00,Jaipur,,Green,Diwali,5.0,8618.0,20,43090.0
4112,2022-11-09 00:00:00,Delhi,Cotton,Red,wedding ,-1.0,8390.0,15,-8390.0
4167,2023-09-12 00:00:00,Surat,Georgette, red,Navratri,0.0,1254.0,50,0.0
4795,2022-07-21 00:00:00,Delhi,Cotton,Maroon,Diwali,-1.0,2940.0,5,-2940.0
4395,2022-11-30 00:00:00,Surat,Kanjivaram, red,Regular,-1.0,8917.0,0,-8917.0
4871,2022-04-23 00:00:00,Mumbai,Silk,Gold,Navratri,0.0,7247.0,0,0.0
4008,2022-01-11 00:00:00,Mumbai,Georgette,Red,Diwali,1.0,1321.0,10,1321.0
4758,2022-01-12 00:00:00,DELHI,Georgette, red,Wedding,1.0,5775.0,50,5775.0
4301,2022-07-13 00:00:00,DELHI,Georgette,Red,Navratri,1.0,9288.0,15,9288.0
4392,2022-12-29 00:00:00,Jaipur,Kanjivaram,Gold,wedding ,5.0,8900.0,10,44500.0
4882,2024-06-05 00:00:00,Jaipur,,Blue,Regular,1.0,4939.0,20,4939.0
4824,Not Available,mumbai ,,Green,Wedding,1.0,7466.0,50,7466.0
4330,2023-04-19 00:00:00,Mumbai,Kanjivaram,Blue,Regular,3.0,8598.0,10,25794.0
4369,2024-05-05 00:00:00,Pune,Kanjivaram,Gold,Wedding,,8348.0,15,-8348.0
4048,2024-06-12 00:00:00,Surat,silk,Green,Navratri,-1.0,1024.0,20,-1024.0
4504,2024-02-20 00:00:00,Delhi,Georgette, red,Navratri,-1.0,7922.0,10,-7922.0
4238,2024-07-03 00:00:00,Jaipur, Banarasi,Maroon,Wedding,1.0,2172.0,15,2172.0
4880,2023-12-03 00:00:00,DELHI,Kanjivaram,Red,Diwali,4.0,3333.0,15,13332.0
4001,2023-09-26 00:00:00,Surat, Banarasi, red,Wedding,0.0,5785.0,0,0.0
4075,2023-02-01 00:00:00,mumbai ,, red,wedding ,-1.0,4695.0,20,-4695.0
4496,2022-09-29 00:00:00,Jaipur,silk,Gold,Regular,2.0,7496.0,15,14992.0
4967,2022-07-20 00:00:00,mumbai ,Kanjivaram,,Wedding,5.0,1064.0,20,5320.0
4510,2023-01-31 00:00:00,mumbai ,Cotton,,Navratri,0.0,2048.0,10,0.0
4801,2024-06-17 00:00:00,mumbai ,Kanjivaram,Green,Wedding,5.0,7956.0,0,39780.0
4348,2023-11-28 00:00:00,DELHI,Kanjivaram,,Navratri,4.0,2482.0,20,9928.0
4611,2023-08-31 00:00:00,Surat,Kanjivaram,,Eid,0.0,5369.0,5,0.0
4143,2024-01-22 00:00:00,mumbai ,Cotton,Green,Navratri,-2.0,578.0,20,-1156.0
4408,2024-08-28 00:00:00,Delhi,Silk,,Diwali,,,50,10425.0
4129,2023-03-28 00:00:00,mumbai ,Silk,Maroon,wedding ,-2.0,7263.0,10,-14526.0
4034,2024-09-20 00:00:00,Surat,Cotton,Gold,Regular,1.0,5151.0,20,5151.0
4703,2024-05-28 00:00:00,Delhi, Banarasi,Maroon,wedding ,-2.0,5631.0,0,-11262.0
4345,2023-06-05 00:00:00,mumbai ,Silk,Gold,Diwali,1.0,4445.0,20,4445.0
4216,2023-11-04 00:00:00,Jaipur,Cotton,Blue,Eid,-1.0,9816.0,0,-9816.0
4074,2022-01-22 00:00:00,Mumbai,Kanjivaram,,Diwali,0.0,4923.0,0,0.0
4022,2024-10-02 00:00:00,Pune,Georgette,Blue,Regular,2.0,8828.0,20,353120.0
4958,Not Available,Mumbai,Kanjivaram,Blue,Navratri,3.0,7232.0,20,21696.0
4272,2022-06-08 00:00:00,Surat,silk,Red,Regular,0.0,1177.0,15,0.0
4253,2024-11-06 00:00:00,Jaipur,Silk,Green,Regular,1.0,7381.0,20,7381.0
4920,2024-06-11 00:00:00,Pune,Silk,Maroon,Wedding,3.0,7220.0,5,21660.0
4975,2023-09-15 00:00:00,Jaipur,Kanjivaram,Red,Navratri,5.0,7497.0,10,37485.0
4742,2022-12-22 00:00:00,mumbai ,,Maroon,Diwali,4.0,3892.0,50,15568.0
4392,2023-12-28 00:00:00,Pune,silk,Blue,Navratri,1.0,566.0,0,566.0
4733,2023-08-14 00:00:00,Surat,Silk,,wedding ,2.0,4376.0,50,8752.0
4507,2023-08-12 00:00:00,Jaipur,Silk,Blue,Navratri,3.0,1159.0,10,3477.0
4098,2024-11-28 00:00:00,Pune,Georgette,Maroon,Eid,-2.0,850.0,10,-1700.0
4162,2024-07-07 00:00:00,Jaipur,Silk,Maroon,wedding ,0.0,4175.0,0,0.0
4511,2024-09-10 00:00:00,Jaipur,silk,Blue,Navratri,4.0,6077.0,5,24308.0
4130,2024-04-22 00:00:00,Pune,Silk,Gold,Navratri,4.0,3817.0,5,
4153,2022-04-26 00:00:00,Jaipur,Silk, red,Diwali,-2.0,5438.0,10,-10876.0
4505,2023-09-27 00:00:00,Jaipur,silk, red,Diwali,-1.0,8438.0,50,-8438.0
4089,2022-05-21 00:00:00,Pune,Georgette,Maroon,Diwali,-1.0,9715.0,20,-9715.0
4252,2024-06-04 00:00:00,Surat,Kanjivaram,Blue,Wedding,3.0,9519.0,5,28557.0
4387,2022-05-20 00:00:00,Jaipur,Georgette,Blue,Eid,4.0,1380.0,0,5520.0
4727,2024-03-25 00:00:00,Pune,Silk,Green,wedding ,3.0,6170.0,15,18510.0
4669,Not Available,Jaipur,Georgette,,wedding ,1.0,1544.0,5,1544.0
4766,2022-01-23 00:00:00,Mumbai,Kanjivaram,Red,Wedding,2.0,9220.0,50,18440.0
4931,2022-08-13 00:00:00,DELHI,Silk,Maroon,Navratri,2.0,8072.0,50,16144.0
4612,2024-12-05 00:00:00,mumbai ,, red,wedding ,3.0,1385.0,20,4155.0
4142,2022-02-06 00:00:00,Delhi,Silk,Red,Navratri,-2.0,4142.0,10,-8284.0
4885,2024-02-22 00:00:00,Jaipur, Banarasi,Gold,wedding ,5.0,9633.0,0,48165.0
4761,2022-07-25 00:00:00,Delhi,Kanjivaram,,Navratri,2.0,2751.0,10,5502.0
4788,2023-10-04 00:00:00,Jaipur,Georgette,Green,Diwali,3.0,6109.0,0,18327.0
4060,2022-10-14 00:00:00,mumbai ,Kanjivaram,Green,Wedding,3.0,,10,23277.0
4729,2023-11-21 00:00:00,Delhi, Banarasi, red,Wedding,3.0,3867.0,50,11601.0
4655,2024-08-01 00:00:00,Mumbai,Kanjivaram,Green,Eid,-1.0,5475.0,0,-5475.0
4838,2023-01-06 00:00:00,DELHI,silk,Maroon,Diwali,-2.0,5781.0,0,-11562.0
4921,2022-01-09 00:00:00,Delhi, Banarasi,Red,Diwali,4.0,2928.0,0,11712.0
4851,2023-08-30 00:00:00,Jaipur,Cotton, red,Navratri,-2.0,8512.0,0,-17024.0
4607,2024-11-08 00:00:00,Pune,Georgette,,Diwali,2.0,3103.0,20,6206.0
4895,2022-03-13 00:00:00,Delhi,Cotton,Green,Wedding,4.0,8863.0,10,35452.0
4899,2024-12-26 00:00:00,mumbai ,Silk,Red,Eid,1.0,7950.0,5,7950.0
4069,2023-05-10 00:00:00,Delhi,Cotton,,Regular,1.0,575.0,15,575.0
4415,2024-04-02 00:00:00,Delhi,Silk,Gold,Diwali,0.0,5860.0,15,0.0
4837,2022-07-09 00:00:00,Pune, Banarasi,Gold,Diwali,4.0,7023.0,0,28092.0
4177,2024-10-04 00:00:00,Mumbai, Banarasi,Maroon,Regular,-1.0,1676.0,5,-1676.0
4241,2023-04-13 00:00:00,Pune,Cotton, red,Navratri,0.0,8710.0,50,0.0
4077,2024-03-30 00:00:00,Pune,Kanjivaram, red,Diwali,-1.0,4998.0,20,-4998.0
4676,2022-12-19 00:00:00,Mumbai, Banarasi, red,wedding ,1.0,4915.0,0,4915.0
4252,2023-07-13 00:00:00,mumbai ,silk,Maroon,Eid,-1.0,1095.0,0,-1095.0
4775,2024-08-12 00:00:00,Surat,Cotton,Blue,Eid,-2.0,3392.0,20,-6784.0
4263,2022-05-13 00:00:00,Delhi,silk, red,wedding ,1.0,6699.0,50,6699.0
4143,2023-01-16 00:00:00,Mumbai,Silk,Gold,Regular,-1.0,,0,-6022.0
4565,2022-03-31 00:00:00,Mumbai,Georgette,Green,Eid,5.0,8392.0,20,41960.0
4085,2024-08-26 00:00:00,DELHI,Cotton,,Wedding,-2.0,7154.0,20,-14308.0
4791,2022-04-27 00:00:00,Delhi,Cotton,Maroon,Regular,-2.0,5919.0,5,-11838.0
4911,2024-11-01 00:00:00,Mumbai, Banarasi, red,Wedding,-2.0,6952.0,20,-13904.0
4895,2022-02-16 00:00:00,mumbai , Banarasi, red,Wedding,2.0,9138.0,0,18276.0
4823,2023-05-09 00:00:00,DELHI,Cotton,Gold,Regular,-2.0,9741.0,20,-19482.0
4601,2022-08-11 00:00:00,Pune, Banarasi,Gold,Navratri,4.0,,10,36932.0
4872,2024-06-21 00:00:00,mumbai ,,Maroon,wedding ,3.0,,20,5676.0
4050,2024-02-17 00:00:00,Surat,silk,Maroon,Diwali,-1.0,3023.0,50,-3023.0
4269,2022-11-17 00:00:00,Surat,Georgette,Gold,Diwali,2.0,6864.0,0,13728.0
4708,2024-09-25 00:00:00,DELHI,Silk,Maroon,Regular,1.0,6322.0,15,6322.0
4574,Not Available,Delhi,silk,Maroon,Wedding,1.0,7878.0,20,7878.0
4776,2022-03-16 00:00:00,Surat,,Green,Eid,-2.0,864.0,10,-1728.0
4568,2022-01-14 00:00:00,Surat,Silk,Red,Regular,1.0,2870.0,0,2870.0
4148,2024-04-07 00:00:00,Pune,,,Eid,2.0,2517.0,15,5034.0
4150,2022-01-27 00:00:00,DELHI,Kanjivaram,Maroon,Regular,-2.0,1689.0,0,-3378.0
4338,2022-07-17 00:00:00,DELHI,Kanjivaram,Blue,Diwali,4.0,1916.0,50,7664.0
4770,2023-09-24 00:00:00,DELHI, Banarasi,Maroon,Wedding,4.0,4854.0,50,19416.0
4641,2023-03-19 00:00:00,Jaipur,silk,Gold,wedding ,0.0,4057.0,5,0.0
4751,2022-09-18 00:00:00,Pune,Silk,Green,Eid,3.0,9835.0,50,29505.0
4250,2023-12-21 00:00:00,Jaipur,Georgette, red,Eid,2.0,8406.0,15,16812.0
4815,2024-02-24 00:00:00,Surat,Silk,Red,Wedding,4.0,4516.0,5,18064.0
4057,Not Available,Delhi,Silk,Green,Diwali,5.0,8623.0,50,43115.0
4797,Not Available,Jaipur,silk,Maroon,Navratri,0.0,7871.0,15,0.0
4801,2022-11-02 00:00:00,DELHI,Cotton,Maroon,wedding ,4.0,4525.0,0,18100.0
4057,2022-02-06 00:00:00,Mumbai,Kanjivaram, red,wedding ,-2.0,2120.0,5,-4240.0
4385,2022-02-24 00:00:00,Surat, Banarasi,Gold,Navratri,4.0,5252.0,20,
4681,2022-03-03 00:00:00,Mumbai,,Maroon,Diwali,3.0,9717.0,50,29151.0
4906,2023-04-16 00:00:00,Delhi, Banarasi,Green,Wedding,5.0,7935.0,5,39675.0
4769,2024-07-07 00:00:00,Jaipur,Cotton, red,wedding ,3.0,2762.0,10,8286.0
4345,2024-06-24 00:00:00,mumbai ,Silk,,Wedding,3.0,5908.0,10,17724.0
4519,2022-05-08 00:00:00,mumbai ,Silk,Gold,Diwali,5.0,8567.0,15,42835.0
4360,2024-12-12 00:00:00,Pune, Banarasi, red,wedding ,3.0,3286.0,20,9858.0
4942,2024-01-25 00:00:00,Surat,,,Navratri,2.0,8998.0,0,17996.0
4103,2022-02-23 00:00:00,Pune,Silk,Blue,Eid,0.0,1447.0,10,0.0
4852,2023-08-04 00:00:00,mumbai , Banarasi,Maroon,wedding ,2.0,6585.0,10,
4384,2022-03-04 00:00:00,Mumbai,Georgette, red,Eid,1.0,587.0,15,587.0
4219,2023-02-18 00:00:00,Pune,Silk,Green,Diwali,5.0,8501.0,0,42505.0
4505,2024-03-04 00:00:00,Mumbai,Kanjivaram,Maroon,Wedding,5.0,4266.0,0,21330.0
4882,2024-07-02 00:00:00,DELHI,Silk, red,Regular,4.0,2007.0,50,8028.0
4322,2024-08-06 00:00:00,Mumbai, Banarasi,Blue,Diwali,-2.0,7075.0,0,-14150.0
4683,2022-07-01 00:00:00,Jaipur,Silk,Blue,Navratri,3.0,9505.0,15,28515.0
4004,Not Available,Delhi,Silk,Green,Wedding,1.0,2501.0,15,2501.0
4186,2024-07-28 00:00:00,Delhi,Cotton, red,Regular,-2.0,3907.0,5,-7814.0
4728,2023-05-31 00:00:00,mumbai ,,,Regular,4.0,1595.0,50,6380.0
4223,2022-05-26 00:00:00,Pune, Banarasi,Blue,Wedding,-2.0,9781.0,15,-19562.0
4134,2023-07-04 00:00:00,Mumbai,Georgette,Gold,Navratri,-1.0,9732.0,20,-9732.0
4509,2024-04-10 00:00:00,Mumbai, Banarasi,Blue,Navratri,-1.0,2879.0,10,-2879.0
4885,2022-11-01 00:00:00,DELHI,, red,Eid,3.0,9920.0,0,29760.0
4655,2023-12-01 00:00:00,Mumbai,Kanjivaram,,Diwali,2.0,8133.0,0,16266.0
4253,2023-06-04 00:00:00,Mumbai,Georgette,Blue,wedding ,5.0,1575.0,0,7875.0
4348,2023-12-15 00:00:00,Mumbai, Banarasi,Gold,Diwali,4.0,6166.0,0,24664.0
4957,2023-11-23 00:00:00,Jaipur,Cotton,Red,Wedding,3.0,9279.0,0,27837.0
4986,2022-11-20 00:00:00,Delhi,Cotton,Maroon,Regular,2.0,8337.0,15,16674.0
4675,2024-08-28 00:00:00,Mumbai,Silk,Blue,Wedding,3.0,7325.0,0,21975.0
4143,2023-03-31 00:00:00,Mumbai,,Gold,Wedding,5.0,8740.0,15,43700.0
4105,Not Available,DELHI,Cotton, red,Wedding,-1.0,5249.0,50,-5249.0
4847,2024-07-05 00:00:00,Surat,silk,,Navratri,2.0,2827.0,5,5654.0
4623,2024-07-10 00:00:00,Delhi,Georgette,Red,Navratri,0.0,4361.0,15,0.0
4972,2023-12-05 00:00:00,Jaipur,Cotton,,Navratri,1.0,3239.0,15,3239.0
4387,2022-08-17 00:00:00,Jaipur,Silk,Blue,Navratri,3.0,8736.0,50,26208.0
4856,2023-02-26 00:00:00,Mumbai, Banarasi,Green,Eid,-2.0,4832.0,20,-9664.0
4612,2023-09-19 00:00:00,Jaipur,Silk,Gold,Eid,3.0,2743.0,10,8229.0
4379,2023-08-24 00:00:00,Mumbai,, red,Navratri,4.0,9908.0,0,39632.0
4766,2023-12-01 00:00:00,Delhi,, red,Wedding,1.0,9822.0,20,9822.0
4217,2024-03-03 00:00:00,mumbai ,silk,Green,wedding ,2.0,7213.0,5,14426.0
4851,Not Available,Jaipur, Banarasi,Blue,wedding ,1.0,3785.0,10,3785.0
4077,2023-12-09 00:00:00,Pune,,Green,Eid,-1.0,3414.0,50,-3414.0
4786,2022-05-31 00:00:00,Delhi, Banarasi, red,Regular,1.0,5557.0,20,5557.0
4098,2023-11-16 00:00:00,Jaipur,Kanjivaram,Blue,wedding ,2.0,5386.0,0,10772.0
4919,2024-01-21 00:00:00,mumbai ,,Maroon,wedding ,1.0,3885.0,20,3885.0
4863,2024-09-30 00:00:00,Surat,,Red,Wedding,2.0,1599.0,5,3198.0
4438,2022-11-26 00:00:00,Jaipur,silk,Blue,Navratri,-1.0,2524.0,10,-2524.0
4869,2023-07-08 00:00:00,Mumbai,Kanjivaram,Green,Regular,1.0,9029.0,5,9029.0
4934,2022-01-28 00:00:00,DELHI,Kanjivaram,Red,Diwali,-2.0,7294.0,5,-14588.0
4835,2022-01-07 00:00:00,Mumbai,Kanjivaram,Blue,wedding ,2.0,2372.0,0,4744.0
4686,2023-09-05 00:00:00,Pune, Banarasi,Blue,Wedding,5.0,7460.0,20,37300.0
4828,2024-09-09 00:00:00,mumbai ,Georgette,Gold,Eid,5.0,1720.0,15,8600.0
4996,2022-02-05 00:00:00,Surat,,Green,Eid,2.0,3055.0,5,6110.0
4368,2023-05-04 00:00:00,Surat,,Gold,Diwali,-1.0,3957.0,0,-3957.0
4683,2024-08-05 00:00:00,mumbai ,Silk,Maroon,Regular,3.0,3959.0,0,11877.0
4202,2022-10-18 00:00:00,Mumbai,Georgette,Maroon,Navratri,5.0,7330.0,5,36650.0
4753,2022-05-23 00:00:00,Delhi,,Maroon,wedding ,,6177.0,5,30885.0
4036,2024-05-22 00:00:00,Mumbai, Banarasi,,wedding ,3.0,6484.0,20,
4460,2023-02-23 00:00:00,Delhi,Georgette,Red,Eid,3.0,3753.0,5,11259.0
4956,2024-11-06 00:00:00,mumbai ,silk,Blue,Wedding,2.0,2919.0,10,5838.0
4982,2022-10-20 00:00:00,DELHI,,Maroon,Eid,0.0,1347.0,0,0.0
4918,2022-12-30 00:00:00,Mumbai,silk,,Eid,0.0,4271.0,0,0.0
4120,2022-06-04 00:00:00,Surat,Cotton,Green,Regular,,733.0,50,-1466.0
4974,2023-11-01 00:00:00,Delhi,,Blue,Navratri,,4057.0,15,-4057.0
4806,2024-07-13 00:00:00,Delhi,Georgette,,Eid,-2.0,9379.0,50,-18758.0
4661,2024-10-27 00:00:00,Pune,Cotton,Red,wedding ,4.0,9124.0,50,36496.0
4750,2024-04-23 00:00:00,Delhi,Georgette,Blue,Wedding,4.0,5749.0,20,22996.0
4476,2024-01-29 00:00:00,Surat,,Green,Diwali,3.0,4249.0,15,12747.0
4726,2022-04-16 00:00:00,mumbai ,silk,Maroon,Wedding,5.0,8366.0,10,41830.0
4657,2023-08-15 00:00:00,Mumbai,Georgette,Gold,Diwali,1.0,9024.0,5,9024.0
4190,Not Available,Jaipur,,,wedding ,-1.0,8032.0,5,-8032.0
4545,2022-04-11 00:00:00,Jaipur,,,Regular,2.0,2913.0,50,5826.0
4038,2023-11-21 00:00:00,mumbai ,,Maroon,Navratri,5.0,9517.0,10,47585.0
4373,2023-03-05 00:00:00,mumbai ,, red,Eid,5.0,8561.0,10,42805.0
4153,Not Available,Surat,Georgette,Gold,Wedding,0.0,9744.0,0,0.0
4512,2023-04-19 00:00:00,Delhi,Kanjivaram,Gold,Wedding,4.0,8532.0,50,34128.0
4744,Not Available,Surat, Banarasi,Gold,wedding ,0.0,6228.0,50,0.0
4219,2022-11-24 00:00:00,Delhi, Banarasi,Red,Eid,4.0,4087.0,5,16348.0
4795,Not Available,Mumbai,Silk, red,wedding ,0.0,1443.0,15,0.0
4159,2022-10-01 00:00:00,Delhi,Georgette,Red,wedding ,-2.0,7219.0,50,-14438.0
4217,2023-07-04 00:00:00,Mumbai, Banarasi,,Eid,3.0,1222.0,5,3666.0
4176,2024-08-04 00:00:00,mumbai , Banarasi,,Navratri,5.0,6713.0,5,33565.0
4004,2024-05-21 00:00:00,DELHI,Silk,,Wedding,2.0,5676.0,20,11352.0
4105,2023-11-06 00:00:00,Surat,Georgette,Gold,Diwali,5.0,2613.0,10,13065.0
4200,2024-06-23 00:00:00,Surat,Cotton,Red,Eid,3.0,6683.0,0,20049.0
4593,2022-05-21 00:00:00,Surat, Banarasi,Gold,Regular,-1.0,9533.0,50,-9533.0
4014,2022-08-06 00:00:00,Jaipur, Banarasi,Green,wedding ,0.0,3906.0,10,0.0
4287,2022-08-14 00:00:00,Delhi,Silk,Gold,Eid,1.0,1226.0,50,1226.0
4637,2024-01-14 00:00:00,mumbai ,Silk,Maroon,Regular,1.0,6863.0,5,6863.0
4396,2023-08-12 00:00:00,Pune, Banarasi,Blue,Diwali,5.0,2532.0,5,12660.0
4475,2022-12-11 00:00:00,DELHI,silk,Red,Eid,4.0,8190.0,50,32760.0
4372,2024-03-03 00:00:00,mumbai , Banarasi,Red,Navratri,4.0,4741.0,5,18964.0
4681,2023-04-02 00:00:00,mumbai ,Cotton, red,Navratri,5.0,1530.0,5,7650.0
4797,2024-03-15 00:00:00,DELHI,Cotton,Blue,Navratri,1.0,6320.0,5,6320.0
4763,2024-01-08 00:00:00,Pune,,Red,Navratri,-2.0,6038.0,5,-12076.0
4232,2023-11-07 00:00:00,Pune,,Blue,Wedding,2.0,8025.0,20,16050.0
4476,2024-04-24 00:00:00,Pune,silk,Blue,Diwali,0.0,4145.0,20,0.0
4011,2022-04-26 00:00:00,Surat, Banarasi,Gold,Navratri,3.0,7629.0,15,22887.0
4907,2022-01-11 00:00:00,mumbai ,Kanjivaram,Gold,Regular,1.0,8749.0,20,8749.0
4797,2023-08-07 00:00:00,Jaipur,Kanjivaram,Gold,Wedding,0.0,1530.0,10,0.0
4737,2023-05-24 00:00:00,Delhi,Cotton, red,Wedding,0.0,7611.0,50,0.0
4082,2024-12-29 00:00:00,DELHI, Banarasi,,wedding ,2.0,6493.0,15,12986.0
4675,2024-08-25 00:00:00,mumbai ,silk,Gold,Wedding,-1.0,1938.0,20,-1938.0
4249,2023-10-24 00:00:00,Pune,silk,Red,Wedding,2.0,3471.0,0,6942.0
4911,2024-10-05 00:00:00,Delhi,silk,Green,Navratri,1.0,2649.0,5,2649.0
4500,2023-04-04 00:00:00,Mumbai,Silk,,wedding ,1.0,5368.0,0,5368.0
4996,2023-08-02 00:00:00,mumbai ,Georgette,Blue,Eid,-1.0,4854.0,50,-4854.0
4702,2022-09-16 00:00:00,DELHI, Banarasi,Maroon,Regular,1.0,3026.0,20,3026.0
4116,2024-01-01 00:00:00,Mumbai,Georgette,Green,Diwali,0.0,7122.0,15,0.0
4877,2024-05-15 00:00:00,Delhi,Kanjivaram,Gold,Diwali,2.0,5232.0,10,10464.0
4222,2022-09-18 00:00:00,mumbai ,Georgette, red,Regular,-1.0,7249.0,20,-7249.0
4176,2024-09-19 00:00:00,Mumbai,Silk,Green,Navratri,5.0,5032.0,15,25160.0
4996,2022-06-06 00:00:00,Surat,silk, red,wedding ,-2.0,5516.0,5,-11032.0
4644,2022-09-20 00:00:00,Pune,Kanjivaram,Maroon,Diwali,-1.0,9563.0,15,-9563.0
4829,2022-07-11 00:00:00,DELHI,Kanjivaram,Red,Diwali,1.0,6593.0,20,6593.0
4090,2023-01-10 00:00:00,Jaipur,Kanjivaram,Green,Regular,,892.0,10,2676.0
4111,2024-07-27 00:00:00,Pune,Georgette,Gold,Wedding,5.0,6530.0,5,
4098,2023-08-13 00:00:00,Delhi, Banarasi,Gold,Eid,2.0,3181.0,15,6362.0
4224,2022-08-03 00:00:00,Surat,Kanjivaram,,wedding ,3.0,7919.0,10,23757.0
4697,2024-02-26 00:00:00,Jaipur,Kanjivaram,Red,Eid,-2.0,6160.0,15,-12320.0
4550,2024-12-19 00:00:00,DELHI,Georgette,Blue,Navratri,3.0,9578.0,5,28734.0
4480,2022-12-30 00:00:00,Delhi,Silk,,Navratri,1.0,4866.0,0,4866.0
4204,2022-04-05 00:00:00,Delhi,Silk,Gold,Eid,2.0,5932.0,10,11864.0
4179,2024-07-04 00:00:00,Jaipur,Georgette,Gold,Diwali,5.0,5174.0,0,25870.0
4483,2024-10-01 00:00:00,DELHI, Banarasi,Red,Navratri,3.0,8110.0,15,24330.0
4028,2024-10-21 00:00:00,Mumbai, Banarasi,Maroon,Navratri,2.0,5101.0,5,10202.0
4499,2024-11-01 00:00:00,Surat,Georgette,Gold,wedding ,5.0,3571.0,5,17855.0
4457,2023-10-10 00:00:00,Pune,Kanjivaram,Red,Diwali,4.0,9607.0,20,38428.0
4982,2022-10-20 00:00:00,DELHI,,Maroon,Eid,0.0,1347.0,0,0.0
4372,2024-03-24 00:00:00,mumbai ,,Gold,Eid,5.0,4953.0,50,24765.0
4288,2023-01-26 00:00:00,Jaipur,Georgette,Red,Diwali,,6854.0,10,20562.0
4663,2023-11-30 00:00:00,Jaipur,Georgette,Maroon,wedding ,3.0,9610.0,15,28830.0
4399,2024-09-01 00:00:00,DELHI, Banarasi,Gold,wedding ,1.0,4118.0,10,4118.0
4191,2023-04-30 00:00:00,Surat,silk,,Eid,3.0,9682.0,0,29046.0
4703,Not Available,Mumbai,Silk,Blue,wedding ,3.0,8360.0,5,25080.0
4463,2023-08-16 00:00:00,Surat, Banarasi,Gold,Navratri,5.0,672.0,20,3360.0
4524,2023-08-03 00:00:00,Pune,Kanjivaram,,Navratri,-1.0,6516.0,20,-6516.0
4525,2023-03-30 00:00:00,Surat, Banarasi,,Diwali,0.0,831.0,5,0.0
4449,2022-06-13 00:00:00,DELHI,silk, red,Wedding,-1.0,5439.0,20,-5439.0
4671,2023-10-25 00:00:00,Pune, Banarasi, red,Wedding,2.0,3578.0,20,7156.0
4068,2024-07-28 00:00:00,Surat,Cotton,Red,Wedding,3.0,9589.0,50,28767.0
4698,2024-08-13 00:00:00,Delhi,,,Eid,0.0,5041.0,20,0.0
4091,2024-08-30 00:00:00,Surat,silk,Green,Diwali,0.0,2500.0,5,0.0
4633,2023-04-05 00:00:00,mumbai ,Kanjivaram,Maroon,Wedding,-2.0,1464.0,10,-2928.0
4821,2024-12-03 00:00:00,Pune,Silk,Blue,Wedding,4.0,7706.0,20,30824.0
4470,2022-12-09 00:00:00,Surat,,Maroon,Navratri,-2.0,3743.0,5,-7486.0
4449,2024-09-10 00:00:00,Delhi,Georgette,Blue,wedding ,-2.0,9136.0,10,-18272.0
4281,2023-11-18 00:00:00,DELHI,Georgette,,Diwali,-2.0,8234.0,20,-16468.0
4491,2022-12-29 00:00:00,Mumbai,silk,,wedding ,0.0,5067.0,20,0.0
4491,2022-12-29 00:00:00,Mumbai,silk,,wedding ,0.0,5067.0,20,0.0
4546,2024-04-23 00:00:00,Surat,Cotton,Red,Wedding,3.0,703.0,20,2109.0
4098,2022-07-06 00:00:00,Jaipur, Banarasi,Gold,Diwali,2.0,662.0,50,1324.0
4989,2024-01-01 00:00:00,Mumbai,Silk,Red,Navratri,3.0,4595.0,50,13785.0
4264,2022-10-22 00:00:00,Delhi, Banarasi,Blue,Wedding,-2.0,6182.0,15,-12364.0
4827,2024-08-09 00:00:00,Jaipur, Banarasi,Maroon,wedding ,-1.0,4049.0,20,-4049.0
4034,2022-11-22 00:00:00,Jaipur,,Red,wedding ,-1.0,8654.0,0,-8654.0
4640,2024-07-22 00:00:00,DELHI,silk,,Eid,4.0,6176.0,15,24704.0
4614,2023-10-01 00:00:00,DELHI,Kanjivaram,Red,wedding ,-1.0,8452.0,5,-8452.0
4550,2022-12-20 00:00:00,Surat,silk,Maroon,wedding ,2.0,558.0,50,1116.0
4800,Not Available,DELHI, Banarasi, red,Regular,4.0,7378.0,0,29512.0
4860,2023-07-24 00:00:00,mumbai ,silk,Maroon,Navratri,0.0,9053.0,10,0.0
4356,Not Available,Mumbai,Cotton,Blue,Navratri,3.0,5115.0,15,15345.0
4104,2024-08-26 00:00:00,Pune,Silk, red,Navratri,,1266.0,20,0.0
4216,2022-08-30 00:00:00,Jaipur,Cotton,Green,wedding ,2.0,1540.0,20,3080.0
4663,2022-02-01 00:00:00,Mumbai,Georgette,Red,Navratri,-1.0,1209.0,20,-1209.0
4510,2022-08-25 00:00:00,mumbai , Banarasi,Blue,Wedding,3.0,8246.0,10,24738.0
4392,2022-12-29 00:00:00,Jaipur,Kanjivaram,Gold,wedding ,5.0,8900.0,10,44500.0
4744,2024-04-28 00:00:00,Pune,,,Eid,5.0,7023.0,0,35115.0
4458,2022-01-28 00:00:00,Jaipur,Silk, red,Regular,5.0,5789.0,20,28945.0
4496,Not Available,Pune,silk,Gold,Regular,-1.0,8425.0,0,-8425.0
4391,2024-11-28 00:00:00,Pune,Kanjivaram, red,Navratri,2.0,6116.0,20,12232.0
4870,2022-12-12 00:00:00,Pune,,Gold,Wedding,-1.0,843.0,20,-843.0
4233,2024-08-09 00:00:00,Mumbai,Silk,Gold,Wedding,-1.0,5098.0,0,-5098.0
4969,2024-02-13 00:00:00,Jaipur,Kanjivaram,Green,Diwali,2.0,5487.0,15,10974.0
4230,2024-11-18 00:00:00,Pune,Georgette,Green,wedding ,2.0,3439.0,5,6878.0
4805,2023-04-26 00:00:00,Surat,Kanjivaram,Maroon,Navratri,4.0,8934.0,15,35736.0
4814,2023-06-05 00:00:00,Jaipur,,Red,Diwali,2.0,6019.0,10,12038.0
4434,2024-03-07 00:00:00,Delhi,silk,Maroon,Navratri,1.0,3009.0,50,3009.0
4692,2022-05-10 00:00:00,Mumbai, Banarasi,Maroon,wedding ,4.0,828.0,50,3312.0
4137,2024-10-27 00:00:00,Delhi,Silk,Gold,Wedding,-2.0,8920.0,10,-17840.0
4117,2024-10-13 00:00:00,Surat,Kanjivaram, red,Eid,4.0,3845.0,0,15380.0
4248,2022-09-19 00:00:00,Surat,Cotton,Gold,Diwali,5.0,1922.0,20,9610.0
4313,Not Available,mumbai ,Silk,Blue,Diwali,-2.0,2708.0,15,-5416.0
4523,2024-02-03 00:00:00,Surat,Silk, red,wedding ,2.0,9610.0,15,
4454,2024-01-25 00:00:00,Mumbai,Georgette,Gold,Navratri,4.0,6282.0,20,25128.0
4970,2023-01-16 00:00:00,Pune,Georgette,Blue,Wedding,-1.0,5341.0,20,-5341.0
4564,2023-07-07 00:00:00,mumbai ,Cotton,Maroon,wedding ,4.0,9395.0,20,37580.0
4142,Not Available,Surat,Kanjivaram,Red,Diwali,-1.0,7360.0,50,-7360.0
4883,2023-12-10 00:00:00,Jaipur,Kanjivaram,Maroon,wedding ,0.0,2943.0,50,0.0
4662,2023-10-24 00:00:00,Delhi,Cotton,Red,Wedding,1.0,5901.0,5,5901.0
4770,2022-11-07 00:00:00,mumbai , Banarasi,Blue,Diwali,-1.0,2986.0,50,-2986.0
4172,2023-12-12 00:00:00,mumbai ,Georgette,,Wedding,2.0,5420.0,5,10840.0
4757,2024-08-17 00:00:00,Pune, Banarasi,Red,Regular,-2.0,5152.0,5,-10304.0
4230,2023-12-11 00:00:00,DELHI,Cotton,Red,wedding ,-2.0,3882.0,5,
4214,2022-10-14 00:00:00,Delhi,Silk,Green,Eid,3.0,6194.0,5,18582.0
4116,2024-09-27 00:00:00,Delhi,Silk,Red,Regular,3.0,5942.0,0,17826.0
4505,2024-02-02 00:00:00,DELHI, Banarasi, red,Diwali,4.0,9865.0,5,39460.0
4452,2024-03-04 00:00:00,Delhi,silk,,Eid,-1.0,8773.0,0,-8773.0
4564,2024-01-14 00:00:00,DELHI,,Red,wedding ,3.0,6870.0,0,20610.0
4232,Not Available,mumbai ,silk,Red,wedding ,-1.0,4921.0,5,-4921.0
4268,2023-03-24 00:00:00,Surat,Georgette,Blue,Wedding,-2.0,1987.0,5,-3974.0
4645,2023-06-21 00:00:00,Mumbai,silk,Green,Navratri,3.0,2936.0,20,8808.0
4746,2022-12-02 00:00:00,Jaipur,Kanjivaram,Blue,Eid,-1.0,5263.0,15,-5263.0
4149,2022-12-02 00:00:00,Delhi,Silk,,wedding ,5.0,2596.0,15,12980.0
4322,2024-07-27 00:00:00,Jaipur,Kanjivaram,Green,Navratri,-1.0,4173.0,10,-4173.0
4950,2024-09-15 00:00:00,Delhi,,Maroon,Regular,2.0,8003.0,0,16006.0
4000,2022-12-27 00:00:00,Jaipur,,Blue,Diwali,3.0,1370.0,50,4110.0
4094,2024-09-20 00:00:00,mumbai ,Georgette,Blue,Eid,-2.0,9309.0,10,-18618.0
4454,2022-07-13 00:00:00,Surat, Banarasi, red,Eid,0.0,3539.0,10,
4960,2022-05-10 00:00:00,mumbai ,silk,Gold,Diwali,-2.0,3275.0,0,-6550.0
4224,2022-10-12 00:00:00,Pune,Georgette, red,Navratri,5.0,8130.0,5,
4147,2022-01-04 00:00:00,DELHI,Kanjivaram,Maroon,Navratri,2.0,8254.0,5,16508.0
4659,2022-02-28 00:00:00,mumbai ,silk,,wedding ,0.0,4459.0,15,0.0
4836,2024-03-25 00:00:00,Surat,Georgette,Maroon,Navratri,5.0,8918.0,10,44590.0
4144,2023-03-01 00:00:00,Jaipur,Georgette,Green,Wedding,4.0,5521.0,0,22084.0
4701,2023-01-11 00:00:00,mumbai ,Silk,Blue,Eid,4.0,4525.0,15,18100.0
4189,2023-07-03 00:00:00,Mumbai,Kanjivaram,,wedding ,0.0,3522.0,0,0.0
4098,2024-08-15 00:00:00,DELHI, Banarasi,Maroon,Eid,,5051.0,0,10102.0
4688,2024-03-15 00:00:00,DELHI,Silk, red,Wedding,-1.0,9836.0,20,-9836.0
4349,2023-08-12 00:00:00,Delhi,Georgette,Gold,Regular,2.0,4902.0,0,9804.0
4251,2023-03-03 00:00:00,Jaipur,,Maroon,Eid,5.0,4826.0,5,24130.0
4201,2022-06-21 00:00:00,DELHI,,Maroon,Wedding,3.0,5611.0,20,
4852,2022-05-29 00:00:00,Mumbai,silk,Green,Wedding,,8147.0,10,16294.0
4897,2022-04-28 00:00:00,DELHI,silk,Blue,Diwali,3.0,1079.0,0,3237.0
4775,2022-11-13 00:00:00,Surat,silk,,Eid,-2.0,990.0,5,-1980.0
4393,2024-09-04 00:00:00,DELHI,Silk,Green,Eid,5.0,,10,41835.0
4276,2024-05-23 00:00:00,Delhi,Cotton,,Navratri,5.0,1201.0,0,6005.0
4553,2024-08-15 00:00:00,mumbai ,,Maroon,Regular,5.0,6319.0,50,31595.0
4397,2024-03-25 00:00:00,DELHI,Silk,,wedding ,5.0,5393.0,20,26965.0
4024,2022-01-02 00:00:00,Mumbai, Banarasi,,Wedding,5.0,1709.0,20,8545.0
4517,2022-09-20 00:00:00,Pune,Silk,Green,Navratri,-1.0,3165.0,20,-3165.0
4190,2023-08-08 00:00:00,Mumbai,Silk,,Regular,4.0,4633.0,20,18532.0
4830,2024-09-20 00:00:00,Pune,Georgette,Red,wedding ,-2.0,1808.0,20,-3616.0
4762,2024-09-06 00:00:00,Jaipur,Silk,Red,Wedding,5.0,794.0,50,3970.0
4794,2023-05-26 00:00:00,Mumbai, Banarasi,,Diwali,-1.0,2406.0,0,-2406.0
4971,2024-10-11 00:00:00,Mumbai,Silk,Blue,Navratri,2.0,,20,7802.0
4664,2022-04-25 00:00:00,Delhi,,Gold,Regular,-2.0,1598.0,10,-3196.0
4036,2022-09-02 00:00:00,Delhi,Cotton,Gold,wedding ,4.0,9177.0,50,36708.0
4098,2023-06-10 00:00:00,Pune,,Blue,Navratri,5.0,7564.0,15,37820.0
4625,2024-12-21 00:00:00,Jaipur,Cotton,Blue,wedding ,3.0,7631.0,10,22893.0
4515,2023-12-23 00:00:00,Delhi,Cotton,,Regular,-2.0,8950.0,15,-17900.0
4899,2024-04-25 00:00:00,Delhi, Banarasi,Gold,Wedding,0.0,1492.0,15,0.0
4207,2022-04-08 00:00:00,Jaipur,,Gold,Wedding,-2.0,4035.0,0,-8070.0
4928,2022-08-02 00:00:00,Pune,silk, red,Navratri,2.0,9374.0,0,18748.0
4102,2022-02-17 00:00:00,mumbai ,Silk,,Regular,,9125.0,15,0.0
4416,2023-12-15 00:00:00,Delhi,Silk,Maroon,wedding ,1.0,2573.0,50,2573.0
4173,2022-11-01 00:00:00,Mumbai,Cotton,Gold,Diwali,-1.0,6339.0,15,-6339.0
4358,2022-05-28 00:00:00,Surat,Silk,Red,Wedding,1.0,8538.0,20,8538.0
4977,Not Available,mumbai ,Kanjivaram,Green,Navratri,,5119.0,10,5119.0
4511,2022-11-07 00:00:00,Mumbai, Banarasi, red,Navratri,4.0,9579.0,20,38316.0
4520,2023-07-29 00:00:00,DELHI,Silk,Gold,Navratri,5.0,,50,22880.0
4871,2023-06-10 00:00:00,Jaipur,Kanjivaram,Blue,Regular,2.0,6937.0,5,13874.0
4773,Not Available,Mumbai,Silk,Green,Eid,-1.0,2821.0,10,-2821.0
4509,2022-02-11 00:00:00,Surat,Cotton,Gold,Eid,0.0,723.0,0,0.0
4719,2024-08-14 00:00:00,Delhi, Banarasi,Gold,Regular,3.0,6707.0,5,20121.0
4222,2023-06-11 00:00:00,Surat, Banarasi, red,Eid,-1.0,1041.0,15,-1041.0
4326,2023-11-24 00:00:00,Pune,Cotton,Maroon,Regular,1.0,2063.0,0,2063.0
4565,2024-12-13 00:00:00,Delhi,,Maroon,Diwali,5.0,651.0,0,3255.0
4171,2023-06-30 00:00:00,Delhi,Georgette,Green,wedding ,-2.0,648.0,20,-1296.0
4213,2022-04-02 00:00:00,DELHI,Silk,Red,Regular,3.0,1292.0,5,3876.0
4068,2024-09-15 00:00:00,DELHI,Cotton,Blue,Regular,0.0,4516.0,5,
4922,2022-01-02 00:00:00,Mumbai,Silk,Blue,Eid,-1.0,8026.0,50,-8026.0
4697,2023-11-29 00:00:00,Pune,,Blue,Navratri,2.0,5573.0,15,11146.0
4304,2024-03-26 00:00:00,Pune, Banarasi,Green,Regular,-1.0,7527.0,0,-7527.0
4364,2024-07-23 00:00:00,Delhi,Kanjivaram,Red,Wedding,2.0,1001.0,0,2002.0
4349,2023-08-21 00:00:00,Pune,silk,Gold,Wedding,-2.0,9026.0,10,
4288,2024-09-11 00:00:00,Jaipur,,Gold,Diwali,5.0,9807.0,5,49035.0
4276,2024-09-02 00:00:00,Surat, Banarasi,Blue,Regular,0.0,3617.0,20,0.0
4035,2024-01-08 00:00:00,Mumbai, Banarasi,,Eid,-1.0,5835.0,5,-5835.0
4956,2023-02-05 00:00:00,Jaipur, Banarasi,,Regular,-1.0,3954.0,5,-3954.0
4194,Not Available,Delhi,Cotton,Gold,Wedding,3.0,9997.0,5,29991.0
4474,2022-08-21 00:00:00,Delhi,Cotton,,Regular,2.0,7554.0,50,15108.0
4656,2023-02-18 00:00:00,Surat,Georgette,Blue,Diwali,2.0,8479.0,50,16958.0
4995,Not Available,Delhi, Banarasi,Maroon,Regular,3.0,2393.0,5,7179.0
4708,2024-11-15 00:00:00,mumbai , Banarasi,Red,Diwali,4.0,1358.0,20,5432.0
4038,2023-10-31 00:00:00,Mumbai,, red,Regular,2.0,9302.0,15,18604.0
4121,2022-02-20 00:00:00,Delhi,Georgette,Green,Regular,-2.0,4655.0,20,-9310.0
4748,2024-05-22 00:00:00,Delhi,Cotton,Blue,wedding ,3.0,9674.0,0,29022.0
4849,2022-12-27 00:00:00,Mumbai, Banarasi,Gold,Regular,4.0,7762.0,50,31048.0
4080,2023-12-25 00:00:00,Mumbai,Kanjivaram,Green,Diwali,1.0,3238.0,15,3238.0
4300,2022-05-06 00:00:00,DELHI,Georgette,Red,Wedding,1.0,3186.0,5,3186.0
4823,2023-11-13 00:00:00,Delhi,Silk,Red,Diwali,-1.0,3954.0,50,-3954.0
4134,2024-11-05 00:00:00,mumbai , Banarasi,Green,Diwali,2.0,3983.0,0,7966.0
4160,2022-08-04 00:00:00,mumbai ,Georgette,Maroon,Navratri,3.0,5822.0,50,17466.0
4586,2022-12-31 00:00:00,mumbai ,Kanjivaram, red,Regular,2.0,1422.0,20,2844.0
4383,2022-01-21 00:00:00,mumbai ,silk,,Regular,-2.0,1100.0,5,-2200.0
4563,2024-06-29 00:00:00,DELHI,,Green,Navratri,-1.0,6876.0,15,-6876.0
4658,2023-04-12 00:00:00,Surat,Georgette,Red,Wedding,2.0,2931.0,50,5862.0
4356,Not Available,Mumbai,Cotton,Blue,Navratri,3.0,5115.0,15,15345.0
4699,2022-12-06 00:00:00,Mumbai,silk,Red,Navratri,4.0,6285.0,5,25140.0
4829,2022-07-13 00:00:00,mumbai , Banarasi,Red,Eid,-2.0,6582.0,50,-13164.0
4698,2024-04-12 00:00:00,Pune,Kanjivaram,Green,Eid,-1.0,5671.0,50,-5671.0
4983,2024-07-19 00:00:00,DELHI,silk,Green,Eid,5.0,9449.0,10,47245.0
4658,2024-03-17 00:00:00,Mumbai,Silk,Blue,Regular,3.0,8277.0,20,24831.0
4862,2022-11-25 00:00:00,Delhi,Cotton,Gold,wedding ,2.0,4126.0,50,8252.0
4042,2022-01-02 00:00:00,Surat,,,Eid,-2.0,,5,-11634.0
4414,2024-07-07 00:00:00,Surat,Georgette,Gold,Navratri,5.0,6335.0,50,31675.0
4461,2022-11-14 00:00:00,Jaipur,,Gold,Wedding,1.0,6738.0,0,6738.0
4372,2022-12-31 00:00:00,Pune,Kanjivaram,Gold,Wedding,4.0,7757.0,5,31028.0
4329,2023-03-03 00:00:00,Delhi,silk,Red,Diwali,-2.0,7635.0,5,-15270.0
4325,2024-05-03 00:00:00,Delhi,silk, red,Wedding,5.0,1139.0,15,5695.0
4955,2022-01-28 00:00:00,DELHI,Silk,Blue,Diwali,-1.0,9618.0,5,-9618.0
4784,2022-09-16 00:00:00,Jaipur,Kanjivaram,Red,Wedding,-1.0,7485.0,15,-7485.0
4690,2023-08-11 00:00:00,Delhi,Silk,Green,Navratri,0.0,7829.0,50,0.0
4530,2024-10-11 00:00:00,Surat,,,Regular,-1.0,5688.0,15,-5688.0
4772,2024-11-04 00:00:00,Delhi,,Gold,wedding ,1.0,,50,8570.0
4185,Not Available,Surat,Kanjivaram,Gold,Navratri,-1.0,4728.0,15,-4728.0
4224,Not Available,Pune,silk,Blue,wedding ,5.0,9883.0,50,49415.0
4662,2024-06-03 00:00:00,Mumbai,,Gold,Diwali,1.0,9757.0,15,9757.0
4840,2022-08-31 00:00:00,Pune,Kanjivaram, red,Regular,,4928.0,0,0.0
4957,2022-03-25 00:00:00,Jaipur,Cotton, red,Eid,0.0,9985.0,15,0.0
4013,2022-01-06 00:00:00,DELHI,Georgette,Maroon,Wedding,4.0,1367.0,50,5468.0
4778,2022-02-03 00:00:00,Delhi,,Blue,Navratri,3.0,,20,25680.0
4658,2023-03-31 00:00:00,Jaipur,silk,,Wedding,4.0,9744.0,15,38976.0
4345,2023-09-01 00:00:00,Jaipur, Banarasi,Maroon,Regular,0.0,2224.0,50,0.0
4440,2024-07-30 00:00:00,Mumbai,Silk,Gold,Wedding,1.0,2763.0,20,2763.0
4036,2022-01-29 00:00:00,Surat,Silk, red,Diwali,,,15,17556.0
4562,2022-11-11 00:00:00,Mumbai,Kanjivaram,,Navratri,0.0,1834.0,50,0.0
4952,2023-05-13 00:00:00,mumbai ,Silk,Red,Regular,0.0,1148.0,15,0.0
4663,2024-07-02 00:00:00,Delhi,Cotton,Red,Eid,1.0,8356.0,20,8356.0
4228,2024-05-16 00:00:00,mumbai ,Silk, red,Wedding,0.0,3368.0,15,0.0
4560,2022-03-08 00:00:00,Delhi, Banarasi,Red,Wedding,5.0,6080.0,0,30400.0
4540,2024-09-09 00:00:00,DELHI,Georgette,Red,Wedding,0.0,1178.0,10,0.0
4167,2024-07-24 00:00:00,Pune,Silk, red,Wedding,-1.0,812.0,15,-812.0
4255,2023-12-27 00:00:00,DELHI, Banarasi,Maroon,wedding ,-2.0,6472.0,15,-12944.0
4205,2024-04-15 00:00:00,Jaipur, Banarasi,Gold,Navratri,4.0,1967.0,50,7868.0
4890,2022-07-27 00:00:00,Pune,Georgette,Blue,Diwali,5.0,1061.0,10,5305.0
4160,2023-03-08 00:00:00,Pune,silk, red,Diwali,4.0,5209.0,10,20836.0
4194,2023-01-25 00:00:00,Mumbai,Silk,Maroon,Regular,-2.0,3674.0,15,-7348.0
4278,2023-03-21 00:00:00,Pune, Banarasi,Gold,Eid,5.0,3476.0,20,17380.0
4510,2022-04-21 00:00:00,Surat, Banarasi,Maroon,Wedding,5.0,8119.0,20,40595.0
4341,2023-11-22 00:00:00,Delhi,Georgette,,Navratri,-1.0,4974.0,50,-4974.0
4729,2023-04-14 00:00:00,Pune,,Blue,Navratri,-2.0,1345.0,5,-2690.0
4928,2024-12-06 00:00:00,Delhi,Kanjivaram,Green,Eid,5.0,,0,26300.0
4656,2023-05-05 00:00:00,Surat,Kanjivaram,,Eid,-1.0,1055.0,5,-1055.0
4573,2023-07-29 00:00:00,Jaipur,,,wedding ,3.0,3094.0,50,9282.0
4995,2022-01-13 00:00:00,DELHI, Banarasi,Gold,Regular,5.0,945.0,15,4725.0
4117,2022-10-12 00:00:00,Surat, Banarasi, red,Diwali,4.0,2037.0,20,8148.0
4987,2024-11-06 00:00:00,Mumbai,,Blue,Wedding,5.0,4490.0,20,
4345,2022-01-04 00:00:00,mumbai ,Cotton, red,Eid,0.0,7967.0,10,0.0
4516,2024-03-07 00:00:00,mumbai ,,Maroon,Navratri,5.0,9910.0,5,49550.0
4962,2023-05-31 00:00:00,mumbai ,,Gold,Regular,,4567.0,20,-9134.0
4642,2022-03-10 00:00:00,mumbai ,,Maroon,Regular,2.0,4609.0,20,9218.0
4747,2022-05-25 00:00:00,Delhi,Cotton, red,Eid,0.0,7117.0,50,0.0
4537,2022-01-03 00:00:00,mumbai ,silk,Green,Diwali,1.0,1304.0,15,1304.0
4691,2024-02-20 00:00:00,mumbai ,Georgette,Green,Eid,-2.0,6514.0,0,-13028.0
4559,2023-12-17 00:00:00,Surat,Georgette,Red,Eid,0.0,1254.0,10,
4341,2024-01-02 00:00:00,mumbai ,silk, red,Diwali,0.0,7485.0,5,0.0
4627,2024-12-08 00:00:00,Delhi,, red,Regular,0.0,6239.0,50,0.0
4862,2023-12-01 00:00:00,Delhi,Cotton,Blue,Wedding,-1.0,2572.0,20,-2572.0
4503,2023-05-04 00:00:00,Delhi,Silk, red,Navratri,-1.0,4933.0,0,-4933.0
4896,2022-05-10 00:00:00,DELHI,Cotton, red,Diwali,-2.0,8145.0,20,-16290.0
4064,2024-03-10 00:00:00,Mumbai,Silk, red,Regular,2.0,9868.0,10,19736.0
4170,2023-02-24 00:00:00,Jaipur,Cotton, red,Regular,5.0,7173.0,50,35865.0
4828,2023-05-12 00:00:00,Jaipur,Georgette,,wedding ,4.0,7299.0,50,29196.0
4770,2022-10-15 00:00:00,Mumbai,Cotton,Blue,wedding ,1.0,4449.0,50,4449.0
4127,2023-08-08 00:00:00,Surat,Silk,Red,wedding ,2.0,5273.0,20,10546.0
4373,2023-06-21 00:00:00,Mumbai,Kanjivaram,Gold,wedding ,5.0,3808.0,0,19040.0
4040,2022-10-18 00:00:00,mumbai ,Georgette, red,Wedding,-1.0,5200.0,5,-5200.0
4463,2023-08-16 00:00:00,Surat, Banarasi,Gold,Navratri,5.0,672.0,20,3360.0
4404,2022-05-29 00:00:00,Surat,Cotton,,wedding ,-2.0,9955.0,50,-19910.0
4000,2024-08-13 00:00:00,Surat,,Blue,Diwali,5.0,5585.0,50,27925.0
4243,2022-10-04 00:00:00,Mumbai, Banarasi,Green,wedding ,2.0,7351.0,5,14702.0
4343,2024-01-20 00:00:00,Delhi,Cotton,Maroon,Diwali,5.0,9589.0,15,47945.0
4191,2024-06-27 00:00:00,Jaipur,Silk,Maroon,Wedding,2.0,8276.0,0,16552.0
4547,2022-11-05 00:00:00,Jaipur,Silk,Green,wedding ,5.0,4435.0,0,22175.0
4987,2023-12-22 00:00:00,DELHI,,,Eid,3.0,1308.0,50,3924.0
4902,2022-09-08 00:00:00,DELHI, Banarasi, red,Wedding,1.0,7782.0,0,7782.0
4487,2023-01-16 00:00:00,Mumbai,silk,Red,Regular,2.0,3935.0,15,7870.0
4773,2023-11-03 00:00:00,Surat,Cotton,Red,Wedding,5.0,2252.0,15,11260.0
4515,Not Available,mumbai ,silk,Gold,Regular,5.0,2060.0,0,10300.0
4252,2022-03-31 00:00:00,Mumbai,Cotton,,Diwali,2.0,1115.0,0,2230.0
4791,2022-01-11 00:00:00,Pune,,,wedding ,-1.0,6558.0,50,-6558.0
4194,Not Available,mumbai ,Cotton,Blue,Navratri,1.0,3444.0,10,3444.0
4375,2024-06-13 00:00:00,DELHI, Banarasi,,Navratri,1.0,8659.0,0,8659.0
4282,2024-09-21 00:00:00,Delhi,Silk,Gold,Wedding,-1.0,9380.0,50,-9380.0
4498,2022-05-02 00:00:00,Jaipur,Silk,Blue,Diwali,1.0,1447.0,20,1447.0
4426,2024-06-07 00:00:00,Pune,Georgette, red,Diwali,-1.0,2290.0,50,-2290.0
4502,2023-06-01 00:00:00,Delhi,Kanjivaram, red,Regular,2.0,3310.0,20,
4276,2023-12-15 00:00:00,Jaipur,Kanjivaram,Green,Eid,1.0,5787.0,20,5787.0
4017,2023-02-03 00:00:00,Surat,Georgette,Maroon,Diwali,3.0,,5,14904.0
4866,2022-06-09 00:00:00,mumbai , Banarasi,Gold,Eid,-2.0,5131.0,10,-10262.0
4339,2022-12-13 00:00:00,DELHI,silk,Red,Eid,3.0,3983.0,15,11949.0
4794,2023-10-24 00:00:00,Mumbai, Banarasi,Maroon,Eid,2.0,8928.0,0,17856.0
4251,2022-11-30 00:00:00,mumbai ,Cotton,,Eid,1.0,5492.0,10,5492.0
4815,2023-12-11 00:00:00,Mumbai,Georgette,,Wedding,-1.0,4661.0,15,-4661.0
4001,2024-01-29 00:00:00,DELHI,,Red,Navratri,1.0,824.0,5,824.0
4241,2022-06-01 00:00:00,Jaipur,,Blue,Regular,-1.0,9987.0,15,-9987.0
4008,2022-05-13 00:00:00,mumbai ,Silk,,Wedding,-1.0,,50,-1696.0
4815,Not Available,Delhi,Cotton,Green,wedding ,2.0,,5,4864.0
4052,Not Available,Mumbai,Cotton,Blue,Eid,3.0,1055.0,0,3165.0
4763,2022-04-12 00:00:00,DELHI,Silk,Maroon,wedding ,-2.0,2934.0,0,-5868.0
4778,2022-08-30 00:00:00,Surat,Silk, red,Diwali,-1.0,5424.0,15,-5424.0
4384,2023-03-17 00:00:00,Mumbai,Kanjivaram, red,Eid,-1.0,7982.0,10,-7982.0
4945,2023-04-12 00:00:00,Jaipur,Silk,Red,Navratri,0.0,3483.0,20,0.0
4612,Not Available,DELHI,Georgette, red,Navratri,3.0,3709.0,10,11127.0
4876,2024-12-08 00:00:00,Delhi,,,Regular,3.0,1947.0,10,5841.0
4099,2023-01-13 00:00:00,mumbai ,Georgette,Blue,wedding ,3.0,9747.0,0,29241.0
4794,2022-10-29 00:00:00,Jaipur,Kanjivaram, red,Regular,-1.0,5898.0,15,-5898.0
4448,2022-03-08 00:00:00,mumbai ,silk,Maroon,Diwali,5.0,2149.0,10,10745.0
4848,2024-06-05 00:00:00,DELHI,Georgette,Green,Navratri,-1.0,2513.0,5,-2513.0
4749,2023-12-28 00:00:00,Delhi,Kanjivaram,Maroon,Navratri,3.0,1711.0,0,5133.0
4246,2024-08-01 00:00:00,Delhi,silk,,wedding ,2.0,854.0,50,1708.0
4033,Not Available,Delhi,Silk, red,Regular,2.0,4679.0,50,9358.0
4452,2023-07-24 00:00:00,Pune,Cotton,Maroon,Diwali,5.0,4657.0,5,23285.0
4792,2024-03-27 00:00:00,Mumbai, Banarasi,Gold,Regular,1.0,5692.0,20,5692.0
4934,2024-12-28 00:00:00,Delhi, Banarasi, red,Eid,3.0,7669.0,20,23007.0
4112,2024-02-17 00:00:00,DELHI,,Blue,wedding ,4.0,5995.0,5,23980.0
4047,2023-08-21 00:00:00,mumbai ,Georgette,Gold,Diwali,5.0,9449.0,5,47245.0
4455,2024-03-24 00:00:00,DELHI,Georgette,,Diwali,-2.0,1900.0,10,-3800.0
4954,2024-01-06 00:00:00,mumbai ,Cotton,Gold,Regular,4.0,9214.0,10,36856.0
4092,2024-12-19 00:00:00,Jaipur,silk,Blue,Eid,2.0,7960.0,0,15920.0
4324,2023-12-27 00:00:00,Pune, Banarasi,,wedding ,1.0,5175.0,0,5175.0
4726,2022-08-24 00:00:00,Jaipur,Cotton, red,Eid,5.0,761.0,10,3805.0
4489,2023-04-23 00:00:00,Pune,,Gold,wedding ,3.0,9394.0,5,28182.0
4734,2023-06-14 00:00:00,Pune, Banarasi,Red,Wedding,3.0,9637.0,0,28911.0
4952,2022-09-01 00:00:00,Jaipur,silk,Maroon,Regular,5.0,5189.0,50,25945.0
4122,2022-05-27 00:00:00,DELHI,Georgette,Maroon,Regular,0.0,8757.0,15,0.0
4695,2024-09-15 00:00:00,Delhi,,Blue,Navratri,-1.0,5924.0,0,-5924.0
4831,2023-09-16 00:00:00,Mumbai,silk,Red,wedding ,-2.0,7711.0,0,-15422.0
4763,2022-05-08 00:00:00,Surat,,Green,Diwali,3.0,9208.0,20,27624.0
4238,2024-09-08 00:00:00,mumbai ,Silk,,wedding ,1.0,3610.0,50,3610.0
4087,2022-03-19 00:00:00,Jaipur,Silk,Blue,wedding ,-1.0,8602.0,0,-8602.0
4556,2024-07-25 00:00:00,Surat,Silk,Maroon,Wedding,1.0,9970.0,10,9970.0
4884,2023-04-23 00:00:00,Surat,,,Diwali,0.0,3623.0,5,0.0
4396,2023-06-16 00:00:00,mumbai , Banarasi,,wedding ,2.0,2282.0,20,4564.0
4016,2024-01-09 00:00:00,Jaipur,silk,Gold,Wedding,-1.0,8899.0,50,-8899.0
4853,2024-02-11 00:00:00,Pune,Silk,Blue,Navratri,3.0,7197.0,15,21591.0
4436,2023-09-13 00:00:00,Delhi,silk,Maroon,Diwali,-1.0,6533.0,50,-6533.0
4907,2023-02-05 00:00:00,Pune, Banarasi,Maroon,Eid,0.0,6375.0,50,0.0
4200,2024-10-17 00:00:00,Pune,Cotton,Blue,wedding ,3.0,4878.0,20,
4200,2022-12-16 00:00:00,Mumbai,Kanjivaram,Red,wedding ,5.0,,15,41650.0
4166,2024-06-10 00:00:00,Mumbai,Georgette,Maroon,Regular,2.0,3729.0,10,7458.0
4579,2022-12-05 00:00:00,DELHI, Banarasi,Green,Wedding,5.0,8218.0,0,41090.0
4651,2023-11-24 00:00:00,mumbai ,Kanjivaram,Maroon,Diwali,0.0,3235.0,20,0.0
4890,2022-10-20 00:00:00,Delhi,Kanjivaram,Green,wedding ,0.0,5398.0,20,0.0
4197,2024-10-19 00:00:00,DELHI,Silk,,Eid,5.0,1536.0,0,7680.0
4392,2022-11-30 00:00:00,Delhi, Banarasi,Gold,Eid,1.0,4235.0,0,4235.0
4647,2023-04-15 00:00:00,DELHI,silk,Red,Navratri,4.0,7117.0,5,28468.0
4724,2023-05-28 00:00:00,mumbai ,silk,,Wedding,-1.0,4722.0,0,-4722.0
4696,2024-08-31 00:00:00,DELHI, Banarasi,Maroon,Eid,-2.0,5227.0,20,-10454.0
4334,2024-02-09 00:00:00,mumbai ,Silk,Green,Regular,5.0,,5,16325.0
4931,2023-12-22 00:00:00,Jaipur,Kanjivaram,Blue,Eid,-2.0,3386.0,10,-6772.0
4924,2023-03-21 00:00:00,Mumbai,Cotton,,Navratri,4.0,2451.0,15,9804.0
4719,Not Available,DELHI,Silk,Green,Diwali,3.0,4675.0,0,14025.0
4099,Not Available,Pune,silk, red,Eid,3.0,6065.0,10,18195.0
4771,2022-11-16 00:00:00,Delhi,Cotton,Red,Diwali,5.0,1668.0,20,8340.0
4455,2023-04-21 00:00:00,Pune,Georgette,Gold,Navratri,-2.0,,0,-5128.0
4232,2023-02-04 00:00:00,mumbai ,,Green,wedding ,1.0,1334.0,10,1334.0
4219,2024-01-18 00:00:00,Jaipur,Kanjivaram,Green,Diwali,0.0,6060.0,15,0.0
4653,2022-02-07 00:00:00,mumbai ,,Gold,Eid,3.0,2059.0,50,6177.0
4983,2022-12-08 00:00:00,Delhi,Georgette,Maroon,Eid,-1.0,2372.0,0,-2372.0
4112,2022-11-09 00:00:00,Delhi,Cotton,Red,wedding ,-1.0,8390.0,15,-8390.0
4793,2024-02-07 00:00:00,Pune,Cotton,,Navratri,,9756.0,0,-19512.0
4450,2022-03-27 00:00:00,Mumbai,silk,Red,Wedding,2.0,4498.0,5,8996.0
4616,2022-04-21 00:00:00,Delhi,silk,Gold,wedding ,5.0,3426.0,5,17130.0
4366,2024-08-04 00:00:00,DELHI,Kanjivaram,Green,Diwali,4.0,6968.0,50,27872.0
4825,Not Available,mumbai ,silk,Green,Navratri,1.0,9990.0,20,9990.0
4496,2023-05-17 00:00:00,mumbai , Banarasi,Blue,Wedding,2.0,7158.0,50,14316.0
4891,2024-09-11 00:00:00,mumbai ,Silk,Maroon,wedding ,-1.0,2544.0,10,-2544.0
4933,2023-02-01 00:00:00,Delhi,Silk,Green,Navratri,-1.0,8684.0,50,-8684.0
4419,2022-06-03 00:00:00,Mumbai,Kanjivaram,,Navratri,-1.0,3758.0,15,-3758.0
4165,2023-02-10 00:00:00,Surat,,Red,Regular,4.0,9098.0,15,36392.0
4160,2024-11-28 00:00:00,Delhi,Georgette,Blue,Regular,0.0,3107.0,0,0.0
4518,2022-06-14 00:00:00,mumbai , Banarasi,Blue,Eid,1.0,8990.0,0,8990.0
4882,2022-05-17 00:00:00,Mumbai,silk,Maroon,Wedding,3.0,3507.0,0,210420.0
4797,2022-12-07 00:00:00,Jaipur,Cotton,Red,Navratri,0.0,2041.0,0,0.0
4998,2022-10-15 00:00:00,Delhi, Banarasi,Maroon,wedding ,3.0,5691.0,15,17073.0
4830,2024-09-20 00:00:00,Pune,Georgette,Red,wedding ,-2.0,1808.0,20,-3616.0
